"data_id","language","form","age","gender","mom_ed","comprehension","production"
32383,"Russian","WG",8,"Female",NA,33,0
32384,"Russian","WG",8,"Male",NA,85,7
32385,"Russian","WG",8,"Male",NA,13,0
32386,"Russian","WG",8,"Male",NA,51,0
32387,"Russian","WG",8,"Male",NA,48,2
32388,"Russian","WG",8,"Male",NA,35,0
32389,"Russian","WG",8,"Male",NA,21,0
32390,"Russian","WG",8,"Male",NA,41,0
32391,"Russian","WG",8,"Male",NA,49,5
32392,"Russian","WG",8,"Female",NA,11,0
32393,"Russian","WG",8,"Female",NA,111,7
32394,"Russian","WG",8,"Female",NA,92,0
32395,"Russian","WG",8,"Male",NA,11,0
32396,"Russian","WG",8,"Female",NA,24,0
32397,"Russian","WG",8,"Male",NA,12,0
32398,"Russian","WG",8,"Male",NA,6,0
32399,"Russian","WG",8,"Male",NA,106,22
32400,"Russian","WG",8,"Female",NA,43,0
32401,"Russian","WG",8,"Male",NA,21,0
32402,"Russian","WG",8,"Male",NA,69,3
32403,"Russian","WG",8,"Female",NA,148,3
32404,"Russian","WG",8,"Male",NA,22,1
32405,"Russian","WG",8,"Female",NA,54,1
32406,"Russian","WG",8,"Female",NA,3,0
32407,"Russian","WG",8,"Male",NA,55,0
32408,"Russian","WG",8,"Female",NA,19,1
32409,"Russian","WG",8,"Male",NA,64,0
32410,"Russian","WG",8,"Female",NA,93,5
32411,"Russian","WG",8,"Male",NA,45,0
32412,"Russian","WG",8,"Female",NA,26,3
32413,"Russian","WG",8,"Female",NA,155,0
32414,"Russian","WG",8,"Female",NA,31,0
32415,"Russian","WG",8,"Male",NA,44,2
32416,"Russian","WG",8,"Male",NA,34,10
32417,"Russian","WG",8,"Female",NA,54,0
32418,"Russian","WG",8,"Female",NA,71,4
32419,"Russian","WG",8,"Female",NA,25,1
32420,"Russian","WG",8,"Female",NA,12,0
32421,"Russian","WG",8,"Male",NA,13,0
32422,"Russian","WG",8,"Male",NA,46,2
32423,"Russian","WG",8,"Female",NA,6,0
32424,"Russian","WG",8,"Female",NA,13,1
32425,"Russian","WG",8,"Male",NA,13,0
32426,"Russian","WG",8,"Male",NA,19,0
32427,"Russian","WG",8,"Male",NA,22,0
32428,"Russian","WG",8,"Male",NA,11,0
32429,"Russian","WG",8,"Female",NA,49,0
32430,"Russian","WG",8,"Female",NA,89,1
32431,"Russian","WG",8,"Male",NA,80,16
32432,"Russian","WG",8,"Female",NA,125,9
32433,"Russian","WG",8,"Male",NA,59,4
32434,"Russian","WG",8,"Male",NA,70,5
32435,"Russian","WG",8,"Male",NA,98,4
32436,"Russian","WG",8,"Female",NA,32,0
32437,"Russian","WG",8,"Male",NA,83,0
32438,"Russian","WG",8,"Female",NA,12,2
32439,"Russian","WG",8,"Male",NA,27,0
32440,"Russian","WG",8,"Male",NA,83,0
32441,"Russian","WG",8,"Male",NA,17,1
32442,"Russian","WG",9,"Male",NA,27,2
32443,"Russian","WG",9,"Female",NA,23,0
32444,"Russian","WG",9,"Female",NA,11,1
32445,"Russian","WG",9,"Female",NA,11,0
32446,"Russian","WG",9,"Female",NA,62,1
32447,"Russian","WG",9,"Female",NA,73,2
32448,"Russian","WG",9,"Female",NA,25,1
32449,"Russian","WG",9,"Female",NA,109,10
32450,"Russian","WG",9,"Male",NA,112,32
32451,"Russian","WG",9,"Male",NA,113,6
32452,"Russian","WG",9,"Female",NA,15,0
32453,"Russian","WG",9,"Male",NA,38,7
32454,"Russian","WG",9,"Male",NA,42,0
32455,"Russian","WG",9,"Female",NA,103,0
32456,"Russian","WG",9,"Female",NA,10,0
32457,"Russian","WG",9,"Female",NA,27,4
32458,"Russian","WG",9,"Male",NA,166,10
32459,"Russian","WG",9,"Male",NA,121,7
32460,"Russian","WG",9,"Female",NA,19,2
32461,"Russian","WG",9,"Female",NA,19,17
32462,"Russian","WG",9,"Male",NA,55,0
32463,"Russian","WG",9,"Male",NA,186,12
32464,"Russian","WG",9,"Male",NA,110,14
32465,"Russian","WG",9,"Male",NA,113,4
32466,"Russian","WG",9,"Female",NA,46,4
32467,"Russian","WG",9,"Female",NA,161,20
32468,"Russian","WG",9,"Female",NA,81,5
32469,"Russian","WG",9,"Male",NA,127,10
32470,"Russian","WG",9,"Male",NA,233,2
32471,"Russian","WG",9,"Male",NA,51,0
32472,"Russian","WG",9,"Male",NA,77,6
32473,"Russian","WG",9,"Female",NA,42,3
32474,"Russian","WG",9,"Female",NA,239,6
32475,"Russian","WG",9,"Male",NA,57,3
32476,"Russian","WG",9,"Male",NA,45,0
32477,"Russian","WG",9,"Female",NA,160,7
32478,"Russian","WG",9,"Female",NA,139,21
32479,"Russian","WG",9,"Male",NA,102,0
32480,"Russian","WG",9,"Male",NA,40,7
32481,"Russian","WG",9,"Male",NA,17,6
32482,"Russian","WG",9,"Female",NA,54,6
32483,"Russian","WG",9,"Male",NA,88,1
32484,"Russian","WG",10,"Male",NA,27,0
32485,"Russian","WG",10,"Female",NA,109,4
32486,"Russian","WG",10,"Female",NA,56,9
32487,"Russian","WG",10,"Male",NA,112,5
32488,"Russian","WG",10,"Male",NA,149,10
32489,"Russian","WG",10,"Female",NA,147,20
32490,"Russian","WG",10,"Female",NA,78,5
32491,"Russian","WG",10,"Male",NA,86,18
32492,"Russian","WG",10,"Female",NA,145,44
32493,"Russian","WG",10,"Male",NA,189,38
32494,"Russian","WG",10,"Female",NA,105,7
32495,"Russian","WG",10,"Female",NA,73,10
32496,"Russian","WG",10,"Female",NA,161,0
32497,"Russian","WG",10,"Female",NA,3,0
32498,"Russian","WG",10,"Male",NA,2,0
32499,"Russian","WG",10,"Female",NA,14,0
32500,"Russian","WG",10,"Male",NA,103,3
32501,"Russian","WG",10,"Male",NA,101,1
32502,"Russian","WG",10,"Female",NA,51,7
32503,"Russian","WG",10,"Male",NA,93,2
32504,"Russian","WG",10,"Female",NA,116,0
32505,"Russian","WG",10,"Male",NA,128,6
32506,"Russian","WG",10,"Female",NA,116,16
32507,"Russian","WG",10,"Female",NA,68,20
32508,"Russian","WG",10,"Female",NA,36,10
32509,"Russian","WG",10,"Male",NA,90,7
32510,"Russian","WG",10,"Male",NA,101,0
32511,"Russian","WG",10,"Female",NA,178,4
32512,"Russian","WG",10,"Male",NA,96,1
32513,"Russian","WG",10,"Male",NA,115,0
32514,"Russian","WG",10,"Male",NA,33,0
32515,"Russian","WG",10,"Male",NA,19,1
32516,"Russian","WG",10,"Female",NA,54,2
32517,"Russian","WG",10,"Male",NA,101,12
32518,"Russian","WG",10,"Male",NA,25,3
32519,"Russian","WG",10,"Male",NA,32,5
32520,"Russian","WG",10,"Male",NA,46,8
32521,"Russian","WG",10,"Male",NA,186,10
32522,"Russian","WG",10,"Male",NA,67,3
32523,"Russian","WG",10,"Female",NA,79,6
32524,"Russian","WG",10,"Male",NA,33,0
32525,"Russian","WG",10,"Male",NA,26,4
32526,"Russian","WG",10,"Female",NA,136,1
32527,"Russian","WG",10,"Male",NA,53,0
32528,"Russian","WG",10,"Male",NA,22,6
32529,"Russian","WG",10,"Female",NA,148,1
32530,"Russian","WG",10,"Female",NA,98,0
32531,"Russian","WG",10,"Male",NA,13,4
32532,"Russian","WG",10,"Male",NA,120,7
32533,"Russian","WG",10,"Female",NA,127,5
32534,"Russian","WG",10,"Female",NA,93,13
32535,"Russian","WG",10,"Female",NA,112,12
32536,"Russian","WG",10,"Male",NA,192,6
32537,"Russian","WG",10,"Male",NA,92,5
32538,"Russian","WG",10,"Male",NA,161,6
32539,"Russian","WG",10,"Female",NA,202,15
32540,"Russian","WG",10,"Male",NA,186,6
32541,"Russian","WG",10,"Female",NA,6,0
32542,"Russian","WG",10,"Female",NA,144,19
32543,"Russian","WG",10,"Male",NA,194,0
32544,"Russian","WG",10,"Male",NA,48,3
32545,"Russian","WG",10,"Male",NA,99,0
32546,"Russian","WG",10,"Female",NA,92,1
32547,"Russian","WG",11,"Male",NA,18,0
32548,"Russian","WG",11,"Female",NA,33,0
32549,"Russian","WG",11,"Female",NA,139,9
32550,"Russian","WG",11,"Male",NA,183,16
32551,"Russian","WG",11,"Male",NA,40,4
32552,"Russian","WG",11,"Male",NA,38,7
32553,"Russian","WG",11,"Female",NA,198,27
32554,"Russian","WG",11,"Female",NA,122,8
32555,"Russian","WG",11,"Female",NA,95,25
32556,"Russian","WG",11,"Female",NA,102,3
32557,"Russian","WG",11,"Male",NA,159,12
32558,"Russian","WG",11,"Male",NA,62,4
32559,"Russian","WG",11,"Male",NA,9,4
32560,"Russian","WG",11,"Male",NA,177,9
32561,"Russian","WG",11,"Female",NA,52,11
32562,"Russian","WG",11,"Male",NA,2,2
32563,"Russian","WG",11,"Male",NA,160,3
32564,"Russian","WG",11,"Male",NA,27,0
32565,"Russian","WG",11,"Female",NA,39,8
32566,"Russian","WG",11,"Male",NA,132,7
32567,"Russian","WG",11,"Female",NA,187,21
32568,"Russian","WG",11,"Male",NA,141,4
32569,"Russian","WG",11,"Female",NA,190,22
32570,"Russian","WG",11,"Female",NA,322,16
32571,"Russian","WG",11,"Male",NA,82,3
32572,"Russian","WG",11,"Female",NA,87,4
32573,"Russian","WG",11,"Male",NA,39,14
32574,"Russian","WG",11,"Male",NA,63,1
32575,"Russian","WG",11,"Male",NA,127,9
32576,"Russian","WG",11,"Female",NA,15,2
32577,"Russian","WG",11,"Male",NA,169,4
32578,"Russian","WG",11,"Female",NA,31,8
32579,"Russian","WG",11,"Female",NA,163,16
32580,"Russian","WG",11,"Male",NA,164,3
32581,"Russian","WG",11,"Female",NA,181,2
32582,"Russian","WG",11,"Male",NA,178,15
32583,"Russian","WG",11,"Male",NA,170,13
32584,"Russian","WG",11,"Male",NA,136,4
32585,"Russian","WG",11,"Male",NA,225,24
32586,"Russian","WG",11,"Female",NA,215,9
32587,"Russian","WG",11,"Male",NA,207,17
32588,"Russian","WG",11,"Male",NA,82,11
32589,"Russian","WG",11,"Male",NA,62,15
32590,"Russian","WG",11,"Male",NA,229,6
32591,"Russian","WG",11,"Male",NA,35,3
32592,"Russian","WG",11,"Female",NA,117,0
32593,"Russian","WG",11,"Male",NA,95,0
32594,"Russian","WG",11,"Female",NA,103,14
32595,"Russian","WG",11,"Male",NA,121,20
32596,"Russian","WG",11,"Male",NA,20,0
32597,"Russian","WG",11,"Male",NA,66,5
32598,"Russian","WG",11,"Male",NA,135,6
32599,"Russian","WG",11,"Male",NA,106,9
32600,"Russian","WG",11,"Female",NA,105,5
32601,"Russian","WG",11,"Male",NA,110,1
32602,"Russian","WG",11,"Female",NA,110,6
32603,"Russian","WG",11,"Female",NA,227,1
32604,"Russian","WG",11,"Male",NA,104,17
32605,"Russian","WG",11,"Male",NA,262,11
32606,"Russian","WG",11,"Female",NA,239,14
32607,"Russian","WG",11,"Male",NA,126,2
32608,"Russian","WG",11,"Female",NA,48,0
32609,"Russian","WG",11,"Male",NA,16,5
32610,"Russian","WG",11,"Female",NA,38,3
32611,"Russian","WG",11,"Male",NA,112,0
32612,"Russian","WG",11,"Female",NA,114,0
32613,"Russian","WG",11,"Male",NA,97,0
32614,"Russian","WG",11,"Male",NA,211,21
32615,"Russian","WG",11,"Male",NA,56,1
32616,"Russian","WG",11,"Female",NA,178,9
32617,"Russian","WG",11,"Male",NA,174,14
32618,"Russian","WG",12,"Female",NA,206,53
32619,"Russian","WG",12,"Female",NA,198,5
32620,"Russian","WG",12,"Female",NA,313,33
32621,"Russian","WG",12,"Female",NA,50,2
32622,"Russian","WG",12,"Male",NA,152,23
32623,"Russian","WG",12,"Male",NA,129,21
32624,"Russian","WG",12,"Female",NA,353,98
32625,"Russian","WG",12,"Male",NA,183,3
32626,"Russian","WG",12,"Female",NA,214,3
32627,"Russian","WG",12,"Male",NA,62,8
32628,"Russian","WG",12,"Female",NA,120,18
32629,"Russian","WG",12,"Male",NA,231,12
32630,"Russian","WG",12,"Male",NA,86,11
32631,"Russian","WG",12,"Female",NA,313,15
32632,"Russian","WG",12,"Female",NA,129,11
32633,"Russian","WG",12,"Male",NA,117,2
32634,"Russian","WG",12,"Female",NA,153,18
32635,"Russian","WG",12,"Female",NA,124,24
32636,"Russian","WG",12,"Female",NA,228,27
32637,"Russian","WG",12,"Male",NA,124,10
32638,"Russian","WG",12,"Female",NA,204,11
32639,"Russian","WG",12,"Male",NA,8,3
32640,"Russian","WG",12,"Male",NA,65,8
32641,"Russian","WG",12,"Male",NA,250,13
32642,"Russian","WG",12,"Female",NA,78,16
32643,"Russian","WG",12,"Male",NA,143,6
32644,"Russian","WG",12,"Female",NA,112,6
32645,"Russian","WG",12,"Male",NA,112,13
32646,"Russian","WG",12,"Male",NA,75,18
32647,"Russian","WG",12,"Female",NA,51,0
32648,"Russian","WG",12,"Female",NA,112,6
32649,"Russian","WG",12,"Female",NA,101,6
32650,"Russian","WG",12,"Female",NA,162,2
32651,"Russian","WG",12,"Male",NA,101,0
32652,"Russian","WG",12,"Male",NA,63,11
32653,"Russian","WG",12,"Female",NA,61,7
32654,"Russian","WG",12,"Female",NA,80,7
32655,"Russian","WG",12,"Female",NA,123,22
32656,"Russian","WG",12,"Female",NA,289,8
32657,"Russian","WG",12,"Female",NA,37,1
32658,"Russian","WG",12,"Female",NA,206,7
32659,"Russian","WG",12,"Male",NA,48,8
32660,"Russian","WG",12,"Male",NA,45,5
32661,"Russian","WG",12,"Male",NA,67,8
32662,"Russian","WG",12,"Male",NA,206,23
32663,"Russian","WG",12,"Male",NA,190,3
32664,"Russian","WG",12,"Male",NA,157,19
32665,"Russian","WG",12,"Female",NA,17,5
32666,"Russian","WG",12,"Female",NA,141,12
32667,"Russian","WG",12,"Male",NA,159,12
32668,"Russian","WG",12,"Female",NA,147,20
32669,"Russian","WG",12,"Female",NA,210,21
32670,"Russian","WG",12,"Male",NA,163,11
32671,"Russian","WG",12,"Male",NA,76,9
32672,"Russian","WG",12,"Female",NA,91,7
32673,"Russian","WG",12,"Male",NA,92,1
32674,"Russian","WG",12,"Male",NA,46,0
32675,"Russian","WG",12,"Male",NA,113,13
32676,"Russian","WG",12,"Female",NA,57,7
32677,"Russian","WG",12,"Male",NA,130,7
32678,"Russian","WG",12,"Male",NA,196,0
32679,"Russian","WG",12,"Male",NA,185,3
32680,"Russian","WG",12,"Male",NA,139,15
32681,"Russian","WG",12,"Male",NA,104,14
32682,"Russian","WG",12,"Female",NA,110,7
32683,"Russian","WG",12,"Male",NA,90,6
32684,"Russian","WG",12,"Female",NA,49,1
32685,"Russian","WG",12,"Male",NA,108,11
32686,"Russian","WG",12,"Female",NA,324,9
32687,"Russian","WG",12,"Male",NA,178,12
32688,"Russian","WG",12,"Male",NA,198,22
32689,"Russian","WG",12,"Female",NA,95,0
32690,"Russian","WG",12,"Male",NA,103,12
32691,"Russian","WG",12,"Female",NA,114,8
32692,"Russian","WG",12,"Male",NA,192,7
32693,"Russian","WG",12,"Female",NA,81,5
32694,"Russian","WG",13,"Male",NA,74,16
32695,"Russian","WG",13,"Female",NA,133,0
32696,"Russian","WG",13,"Female",NA,71,0
32697,"Russian","WG",13,"Male",NA,91,0
32698,"Russian","WG",13,"Male",NA,111,3
32699,"Russian","WG",13,"Female",NA,199,10
32700,"Russian","WG",13,"Male",NA,112,6
32701,"Russian","WG",13,"Female",NA,304,58
32702,"Russian","WG",13,"Male",NA,195,16
32703,"Russian","WG",13,"Female",NA,242,25
32704,"Russian","WG",13,"Male",NA,170,40
32705,"Russian","WG",13,"Male",NA,255,12
32706,"Russian","WG",13,"Male",NA,159,18
32707,"Russian","WG",13,"Female",NA,331,24
32708,"Russian","WG",13,"Female",NA,112,10
32709,"Russian","WG",13,"Male",NA,294,5
32710,"Russian","WG",13,"Male",NA,247,4
32711,"Russian","WG",13,"Female",NA,90,22
32712,"Russian","WG",13,"Male",NA,119,23
32713,"Russian","WG",13,"Female",NA,168,25
32714,"Russian","WG",13,"Male",NA,89,8
32715,"Russian","WG",13,"Female",NA,181,9
32716,"Russian","WG",13,"Male",NA,178,4
32717,"Russian","WG",13,"Female",NA,175,17
32718,"Russian","WG",13,"Female",NA,144,11
32719,"Russian","WG",13,"Male",NA,89,4
32720,"Russian","WG",13,"Male",NA,254,27
32721,"Russian","WG",13,"Female",NA,51,4
32722,"Russian","WG",13,"Male",NA,179,15
32723,"Russian","WG",13,"Male",NA,216,10
32724,"Russian","WG",13,"Male",NA,33,6
32725,"Russian","WG",13,"Female",NA,244,20
32726,"Russian","WG",13,"Male",NA,96,9
32727,"Russian","WG",13,"Female",NA,105,11
32728,"Russian","WG",13,"Male",NA,191,18
32729,"Russian","WG",13,"Female",NA,158,18
32730,"Russian","WG",13,"Male",NA,192,13
32731,"Russian","WG",13,"Male",NA,179,17
32732,"Russian","WG",13,"Male",NA,141,7
32733,"Russian","WG",13,"Male",NA,120,6
32734,"Russian","WG",13,"Male",NA,188,8
32735,"Russian","WG",13,"Male",NA,203,22
32736,"Russian","WG",13,"Male",NA,304,14
32737,"Russian","WG",13,"Female",NA,204,13
32738,"Russian","WG",13,"Male",NA,67,4
32739,"Russian","WG",13,"Female",NA,69,6
32740,"Russian","WG",13,"Female",NA,64,18
32741,"Russian","WG",13,"Male",NA,88,39
32742,"Russian","WG",13,"Female",NA,82,4
32743,"Russian","WG",13,"Female",NA,243,37
32744,"Russian","WG",13,"Male",NA,56,14
32745,"Russian","WG",13,"Male",NA,111,15
32746,"Russian","WG",13,"Female",NA,55,11
32747,"Russian","WG",13,"Male",NA,199,6
32748,"Russian","WG",13,"Female",NA,306,14
32749,"Russian","WG",13,"Female",NA,109,30
32750,"Russian","WG",13,"Male",NA,127,12
32751,"Russian","WG",13,"Female",NA,302,89
32752,"Russian","WG",13,"Male",NA,220,16
32753,"Russian","WG",13,"Male",NA,266,30
32754,"Russian","WG",13,"Female",NA,333,52
32755,"Russian","WG",13,"Male",NA,132,20
32756,"Russian","WG",13,"Male",NA,182,3
32757,"Russian","WG",13,"Female",NA,219,19
32758,"Russian","WG",13,"Female",NA,194,30
32759,"Russian","WG",13,"Male",NA,164,28
32760,"Russian","WG",13,"Male",NA,306,13
32761,"Russian","WG",13,"Female",NA,245,71
32762,"Russian","WG",13,"Female",NA,141,12
32763,"Russian","WG",13,"Female",NA,141,10
32764,"Russian","WG",13,"Female",NA,223,3
32765,"Russian","WG",13,"Female",NA,177,11
32766,"Russian","WG",13,"Female",NA,140,6
32767,"Russian","WG",14,"Male",NA,165,47
32768,"Russian","WG",14,"Female",NA,48,3
32769,"Russian","WG",14,"Female",NA,332,96
32770,"Russian","WG",14,"Male",NA,88,0
32771,"Russian","WG",14,"Female",NA,141,15
32772,"Russian","WG",14,"Female",NA,163,8
32773,"Russian","WG",14,"Female",NA,233,10
32774,"Russian","WG",14,"Female",NA,223,12
32775,"Russian","WG",14,"Male",NA,281,46
32776,"Russian","WG",14,"Male",NA,352,64
32777,"Russian","WG",14,"Female",NA,258,71
32778,"Russian","WG",14,"Female",NA,139,4
32779,"Russian","WG",14,"Female",NA,253,22
32780,"Russian","WG",14,"Female",NA,320,50
32781,"Russian","WG",14,"Male",NA,98,7
32782,"Russian","WG",14,"Female",NA,169,15
32783,"Russian","WG",14,"Male",NA,242,17
32784,"Russian","WG",14,"Male",NA,267,96
32785,"Russian","WG",14,"Male",NA,402,77
32786,"Russian","WG",14,"Male",NA,93,10
32787,"Russian","WG",14,"Female",NA,114,19
32788,"Russian","WG",14,"Female",NA,344,100
32789,"Russian","WG",14,"Female",NA,317,1
32790,"Russian","WG",14,"Male",NA,220,36
32791,"Russian","WG",14,"Male",NA,249,37
32792,"Russian","WG",14,"Male",NA,239,18
32793,"Russian","WG",14,"Female",NA,108,15
32794,"Russian","WG",14,"Female",NA,316,8
32795,"Russian","WG",14,"Male",NA,178,59
32796,"Russian","WG",14,"Female",NA,36,9
32797,"Russian","WG",14,"Male",NA,189,4
32798,"Russian","WG",14,"Male",NA,180,14
32799,"Russian","WG",14,"Male",NA,275,6
32800,"Russian","WG",14,"Male",NA,253,37
32801,"Russian","WG",14,"Female",NA,174,14
32802,"Russian","WG",14,"Male",NA,161,42
32803,"Russian","WG",14,"Male",NA,238,12
32804,"Russian","WG",14,"Female",NA,188,7
32805,"Russian","WG",14,"Female",NA,176,12
32806,"Russian","WG",14,"Female",NA,237,20
32807,"Russian","WG",14,"Male",NA,64,2
32808,"Russian","WG",14,"Female",NA,357,36
32809,"Russian","WG",14,"Female",NA,241,18
32810,"Russian","WG",14,"Female",NA,331,39
32811,"Russian","WG",14,"Male",NA,351,36
32812,"Russian","WG",14,"Female",NA,95,13
32813,"Russian","WG",14,"Male",NA,220,10
32814,"Russian","WG",14,"Male",NA,142,8
32815,"Russian","WG",14,"Female",NA,205,21
32816,"Russian","WG",14,"Female",NA,116,31
32817,"Russian","WG",14,"Female",NA,243,56
32818,"Russian","WG",14,"Female",NA,289,99
32819,"Russian","WG",14,"Male",NA,244,14
32820,"Russian","WG",14,"Male",NA,167,13
32821,"Russian","WG",14,"Male",NA,142,8
32822,"Russian","WG",14,"Male",NA,165,0
32823,"Russian","WG",14,"Female",NA,198,32
32824,"Russian","WG",14,"Female",NA,386,10
32825,"Russian","WG",14,"Male",NA,367,44
32826,"Russian","WG",14,"Female",NA,232,15
32827,"Russian","WG",14,"Male",NA,358,76
32828,"Russian","WG",14,"Female",NA,193,19
32829,"Russian","WG",14,"Female",NA,179,14
32830,"Russian","WG",14,"Female",NA,125,8
32831,"Russian","WG",14,"Female",NA,187,15
32832,"Russian","WG",14,"Female",NA,202,14
32833,"Russian","WG",14,"Male",NA,223,19
32834,"Russian","WG",14,"Female",NA,331,27
32835,"Russian","WG",14,"Female",NA,343,7
32836,"Russian","WG",14,"Male",NA,144,6
32837,"Russian","WG",14,"Male",NA,230,35
32838,"Russian","WG",14,"Female",NA,413,36
32839,"Russian","WG",14,"Male",NA,66,0
32840,"Russian","WG",14,"Female",NA,274,76
32841,"Russian","WG",14,"Female",NA,73,5
32842,"Russian","WG",14,"Female",NA,97,9
32843,"Russian","WG",14,"Male",NA,197,11
32844,"Russian","WG",14,"Male",NA,279,26
32845,"Russian","WG",14,"Male",NA,167,0
32846,"Russian","WG",15,"Female",NA,289,33
32847,"Russian","WG",15,"Male",NA,308,17
32848,"Russian","WG",15,"Male",NA,281,32
32849,"Russian","WG",15,"Male",NA,135,13
32850,"Russian","WG",15,"Male",NA,181,18
32851,"Russian","WG",15,"Male",NA,81,32
32852,"Russian","WG",15,"Female",NA,254,1
32853,"Russian","WG",15,"Female",NA,215,5
32854,"Russian","WG",15,"Male",NA,129,18
32855,"Russian","WG",15,"Female",NA,208,62
32856,"Russian","WG",15,"Male",NA,231,11
32857,"Russian","WG",15,"Male",NA,309,13
32858,"Russian","WG",15,"Female",NA,224,41
32859,"Russian","WG",15,"Male",NA,223,9
32860,"Russian","WG",15,"Female",NA,137,12
32861,"Russian","WG",15,"Male",NA,267,22
32862,"Russian","WG",15,"Male",NA,120,42
32863,"Russian","WG",15,"Male",NA,260,18
32864,"Russian","WG",15,"Female",NA,340,11
32865,"Russian","WG",15,"Female",NA,240,24
32866,"Russian","WG",15,"Male",NA,205,13
32867,"Russian","WG",15,"Female",NA,200,20
32868,"Russian","WG",15,"Male",NA,385,20
32869,"Russian","WG",15,"Female",NA,206,11
32870,"Russian","WG",15,"Female",NA,278,17
32871,"Russian","WG",15,"Male",NA,293,6
32872,"Russian","WG",15,"Female",NA,64,8
32873,"Russian","WG",15,"Male",NA,36,7
32874,"Russian","WG",15,"Male",NA,163,3
32875,"Russian","WG",15,"Female",NA,194,6
32876,"Russian","WG",15,"Male",NA,239,14
32877,"Russian","WG",15,"Female",NA,225,6
32878,"Russian","WG",15,"Male",NA,201,13
32879,"Russian","WG",15,"Male",NA,286,20
32880,"Russian","WG",15,"Female",NA,240,212
32881,"Russian","WG",15,"Female",NA,369,9
32882,"Russian","WG",15,"Male",NA,342,15
32883,"Russian","WG",15,"Male",NA,113,20
32884,"Russian","WG",15,"Male",NA,323,42
32885,"Russian","WG",15,"Female",NA,215,27
32886,"Russian","WG",15,"Female",NA,162,6
32887,"Russian","WG",15,"Male",NA,282,20
32888,"Russian","WG",15,"Female",NA,381,9
32889,"Russian","WG",15,"Female",NA,193,23
32890,"Russian","WG",15,"Female",NA,165,24
32891,"Russian","WG",15,"Female",NA,154,40
32892,"Russian","WG",15,"Female",NA,328,32
32893,"Russian","WG",15,"Female",NA,343,39
32894,"Russian","WG",15,"Male",NA,309,29
32895,"Russian","WG",15,"Female",NA,294,31
32896,"Russian","WG",15,"Female",NA,330,18
32897,"Russian","WG",15,"Male",NA,202,32
32898,"Russian","WG",15,"Male",NA,235,10
32899,"Russian","WG",15,"Female",NA,422,122
32900,"Russian","WG",15,"Male",NA,220,35
32901,"Russian","WG",15,"Female",NA,302,63
32902,"Russian","WG",15,"Female",NA,241,23
32903,"Russian","WG",15,"Female",NA,167,14
32904,"Russian","WG",15,"Male",NA,134,14
32905,"Russian","WG",15,"Female",NA,356,80
32906,"Russian","WG",15,"Male",NA,164,17
32907,"Russian","WG",15,"Male",NA,250,17
32908,"Russian","WG",15,"Male",NA,144,15
32909,"Russian","WG",15,"Male",NA,200,16
32910,"Russian","WG",15,"Female",NA,257,22
32911,"Russian","WG",15,"Male",NA,192,0
32912,"Russian","WG",15,"Male",NA,337,154
32913,"Russian","WG",15,"Female",NA,310,37
32914,"Russian","WG",15,"Female",NA,263,13
32915,"Russian","WG",15,"Male",NA,256,24
32916,"Russian","WG",15,"Female",NA,257,58
32917,"Russian","WG",15,"Female",NA,231,10
32918,"Russian","WG",15,"Male",NA,332,29
32919,"Russian","WG",15,"Male",NA,203,10
32920,"Russian","WG",15,"Male",NA,129,20
32921,"Russian","WG",15,"Female",NA,364,176
32922,"Russian","WG",15,"Male",NA,163,1
32923,"Russian","WG",15,"Male",NA,147,11
32924,"Russian","WG",15,"Male",NA,111,0
32925,"Russian","WG",15,"Female",NA,203,38
32926,"Russian","WG",15,"Female",NA,247,8
32927,"Russian","WG",16,"Male",NA,310,16
32928,"Russian","WG",16,"Male",NA,202,23
32929,"Russian","WG",16,"Female",NA,228,18
32930,"Russian","WG",16,"Male",NA,203,5
32931,"Russian","WG",16,"Male",NA,197,29
32932,"Russian","WG",16,"Female",NA,191,46
32933,"Russian","WG",16,"Female",NA,306,54
32934,"Russian","WG",16,"Male",NA,211,44
32935,"Russian","WG",16,"Male",NA,260,13
32936,"Russian","WG",16,"Male",NA,165,16
32937,"Russian","WG",16,"Female",NA,217,12
32938,"Russian","WG",16,"Female",NA,158,11
32939,"Russian","WG",16,"Male",NA,194,1
32940,"Russian","WG",16,"Male",NA,98,40
32941,"Russian","WG",16,"Female",NA,240,15
32942,"Russian","WG",16,"Male",NA,289,25
32943,"Russian","WG",16,"Male",NA,342,17
32944,"Russian","WG",16,"Female",NA,380,197
32945,"Russian","WG",16,"Female",NA,369,323
32946,"Russian","WG",16,"Male",NA,281,33
32947,"Russian","WG",16,"Male",NA,298,3
32948,"Russian","WG",16,"Female",NA,194,19
32949,"Russian","WG",16,"Male",NA,234,6
32950,"Russian","WG",16,"Male",NA,295,24
32951,"Russian","WG",16,"Female",NA,216,41
32952,"Russian","WG",16,"Female",NA,196,21
32953,"Russian","WG",16,"Female",NA,288,54
32954,"Russian","WG",16,"Male",NA,185,51
32955,"Russian","WG",16,"Female",NA,184,18
32956,"Russian","WG",16,"Female",NA,142,29
32957,"Russian","WG",16,"Male",NA,225,88
32958,"Russian","WG",16,"Female",NA,232,0
32959,"Russian","WG",16,"Female",NA,342,16
32960,"Russian","WG",16,"Male",NA,236,7
32961,"Russian","WG",16,"Female",NA,248,33
32962,"Russian","WG",16,"Male",NA,217,29
32963,"Russian","WG",16,"Male",NA,345,8
32964,"Russian","WG",16,"Male",NA,247,39
32965,"Russian","WG",16,"Male",NA,350,55
32966,"Russian","WG",16,"Male",NA,287,28
32967,"Russian","WG",16,"Male",NA,241,54
32968,"Russian","WG",16,"Male",NA,224,16
32969,"Russian","WG",16,"Female",NA,237,26
32970,"Russian","WG",16,"Male",NA,259,50
32971,"Russian","WG",16,"Male",NA,316,16
32972,"Russian","WG",16,"Male",NA,290,56
32973,"Russian","WG",16,"Female",NA,334,52
32974,"Russian","WG",16,"Female",NA,424,62
32975,"Russian","WG",16,"Male",NA,344,50
32976,"Russian","WG",16,"Female",NA,311,22
32977,"Russian","WG",16,"Female",NA,318,7
32978,"Russian","WG",16,"Female",NA,84,24
32979,"Russian","WG",16,"Male",NA,293,15
32980,"Russian","WG",16,"Male",NA,350,28
32981,"Russian","WG",16,"Female",NA,372,53
32982,"Russian","WG",16,"Male",NA,266,61
32983,"Russian","WG",16,"Male",NA,217,24
32984,"Russian","WG",16,"Male",NA,299,64
32985,"Russian","WG",16,"Male",NA,367,93
32986,"Russian","WG",16,"Female",NA,370,11
32987,"Russian","WG",16,"Male",NA,203,12
32988,"Russian","WG",16,"Male",NA,101,12
32989,"Russian","WG",16,"Female",NA,55,5
32990,"Russian","WG",16,"Female",NA,208,17
32991,"Russian","WG",16,"Female",NA,413,41
32992,"Russian","WG",16,"Female",NA,236,51
32993,"Russian","WG",16,"Male",NA,211,43
32994,"Russian","WG",16,"Male",NA,140,6
32995,"Russian","WG",16,NA,NA,238,36
32996,"Russian","WG",16,"Female",NA,416,14
32997,"Russian","WG",16,"Female",NA,54,5
32998,"Russian","WG",16,"Female",NA,259,27
32999,"Russian","WG",16,"Female",NA,168,10
33000,"Russian","WG",16,"Female",NA,374,82
33001,"Russian","WG",16,"Male",NA,316,17
33002,"Russian","WG",16,"Male",NA,167,16
33003,"Russian","WG",16,"Female",NA,366,17
33004,"Russian","WG",16,"Male",NA,365,15
33005,"Russian","WG",16,"Male",NA,298,17
33006,"Russian","WG",16,"Female",NA,294,17
33007,"Russian","WG",16,"Female",NA,250,53
33008,"Russian","WG",17,"Male",NA,144,12
33009,"Russian","WG",17,"Male",NA,240,30
33010,"Russian","WG",17,"Male",NA,211,24
33011,"Russian","WG",17,"Female",NA,309,19
33012,"Russian","WG",17,"Male",NA,225,19
33013,"Russian","WG",17,"Male",NA,289,100
33014,"Russian","WG",17,"Male",NA,250,25
33015,"Russian","WG",17,"Female",NA,368,123
33016,"Russian","WG",17,"Male",NA,181,51
33017,"Russian","WG",17,"Female",NA,296,129
33018,"Russian","WG",17,"Female",NA,319,49
33019,"Russian","WG",17,"Female",NA,287,78
33020,"Russian","WG",17,"Female",NA,344,30
33021,"Russian","WG",17,"Male",NA,353,22
33022,"Russian","WG",17,"Female",NA,374,16
33023,"Russian","WG",17,"Male",NA,142,34
33024,"Russian","WG",17,"Male",NA,208,14
33025,"Russian","WG",17,"Female",NA,207,32
33026,"Russian","WG",17,"Female",NA,314,19
33027,"Russian","WG",17,"Female",NA,352,51
33028,"Russian","WG",17,"Male",NA,198,16
33029,"Russian","WG",17,"Male",NA,252,8
33030,"Russian","WG",17,"Male",NA,246,38
33031,"Russian","WG",17,"Male",NA,316,43
33032,"Russian","WG",17,"Female",NA,341,116
33033,"Russian","WG",17,"Male",NA,304,33
33034,"Russian","WG",17,"Male",NA,152,0
33035,"Russian","WG",17,"Female",NA,387,85
33036,"Russian","WG",17,"Male",NA,283,224
33037,"Russian","WG",17,"Female",NA,276,41
33038,"Russian","WG",17,"Male",NA,197,119
33039,"Russian","WG",17,"Female",NA,379,366
33040,"Russian","WG",17,"Female",NA,250,20
33041,"Russian","WG",17,"Male",NA,132,28
33042,"Russian","WG",17,"Female",NA,254,10
33043,"Russian","WG",17,"Male",NA,299,69
33044,"Russian","WG",17,"Female",NA,208,70
33045,"Russian","WG",17,"Female",NA,334,146
33046,"Russian","WG",17,"Female",NA,173,64
33047,"Russian","WG",17,"Female",NA,306,15
33048,"Russian","WG",17,"Female",NA,138,10
33049,"Russian","WG",17,"Male",NA,90,11
33050,"Russian","WG",17,"Male",NA,277,34
33051,"Russian","WG",17,"Male",NA,318,15
33052,"Russian","WG",17,"Male",NA,105,13
33053,"Russian","WG",17,"Female",NA,271,9
33054,"Russian","WG",17,"Male",NA,360,23
33055,"Russian","WG",17,"Female",NA,325,233
33056,"Russian","WG",17,"Female",NA,200,80
33057,"Russian","WG",17,"Male",NA,310,137
33058,"Russian","WG",17,"Male",NA,185,9
33059,"Russian","WG",17,"Female",NA,223,42
33060,"Russian","WG",17,"Female",NA,415,50
33061,"Russian","WG",17,"Female",NA,417,52
33062,"Russian","WG",17,"Male",NA,335,18
33063,"Russian","WG",17,"Male",NA,227,13
33064,"Russian","WG",17,"Female",NA,373,148
33065,"Russian","WG",17,"Female",NA,346,63
33066,"Russian","WG",17,"Male",NA,356,79
33067,"Russian","WG",17,"Female",NA,339,16
33068,"Russian","WG",17,"Female",NA,363,66
33069,"Russian","WG",17,"Male",NA,110,9
33070,"Russian","WG",17,"Female",NA,401,22
33071,"Russian","WG",17,"Male",NA,77,9
33072,"Russian","WG",17,"Male",NA,76,6
33073,"Russian","WG",17,"Male",NA,347,3
33074,"Russian","WG",17,"Male",NA,226,14
33075,"Russian","WG",17,"Male",NA,297,44
33076,"Russian","WG",17,"Female",NA,218,16
33077,"Russian","WG",17,"Male",NA,163,10
33078,"Russian","WG",17,"Male",NA,368,53
33079,"Russian","WG",17,"Male",NA,266,53
33080,"Russian","WG",17,"Male",NA,138,0
33081,"Russian","WG",17,"Female",NA,161,18
33082,"Russian","WG",17,"Male",NA,321,17
33083,"Russian","WG",17,"Male",NA,296,19
33084,"Russian","WG",17,"Male",NA,327,13
33085,"Russian","WG",17,"Female",NA,203,15
33086,"Russian","WG",17,"Male",NA,236,39
33087,"Russian","WG",17,"Female",NA,391,14
33088,"Russian","WG",18,"Male",NA,308,70
33089,"Russian","WG",18,"Female",NA,263,106
33090,"Russian","WG",18,"Female",NA,122,43
33091,"Russian","WG",18,"Male",NA,312,44
33092,"Russian","WG",18,"Female",NA,281,42
33093,"Russian","WG",18,"Male",NA,294,25
33094,"Russian","WG",18,"Female",NA,322,17
33095,"Russian","WG",18,"Male",NA,63,9
33096,"Russian","WG",18,"Male",NA,229,134
33097,"Russian","WG",18,"Male",NA,290,28
33098,"Russian","WG",18,"Female",NA,349,21
33099,"Russian","WG",18,"Male",NA,318,69
33100,"Russian","WG",18,"Male",NA,225,80
33101,"Russian","WG",18,"Female",NA,312,23
33102,"Russian","WG",18,"Male",NA,325,18
33103,"Russian","WG",18,"Female",NA,333,26
33104,"Russian","WG",18,"Male",NA,288,28
33105,"Russian","WG",18,"Male",NA,337,27
33106,"Russian","WG",18,"Male",NA,349,21
33107,"Russian","WG",18,"Male",NA,283,173
33108,"Russian","WG",18,"Female",NA,290,52
33109,"Russian","WG",18,"Male",NA,255,109
33110,"Russian","WG",18,"Male",NA,254,107
33111,"Russian","WG",18,"Male",NA,330,42
33112,"Russian","WG",18,"Female",NA,230,177
33113,"Russian","WG",18,"Female",NA,395,118
33114,"Russian","WG",18,"Male",NA,339,44
33115,"Russian","WG",18,"Male",NA,296,112
33116,"Russian","WG",18,"Male",NA,273,2
33117,"Russian","WG",18,"Male",NA,346,41
33118,"Russian","WG",18,"Male",NA,321,79
33119,"Russian","WG",18,"Female",NA,248,15
33120,"Russian","WG",18,"Male",NA,363,66
33121,"Russian","WG",18,"Male",NA,336,83
33122,"Russian","WG",18,"Male",NA,307,103
33123,"Russian","WG",18,"Male",NA,420,222
33124,"Russian","WG",18,"Female",NA,247,46
33125,"Russian","WG",18,"Female",NA,235,207
33126,"Russian","WG",18,"Female",NA,354,29
33127,"Russian","WG",18,"Female",NA,208,67
33128,"Russian","WG",18,"Male",NA,270,16
33129,"Russian","WG",18,"Female",NA,291,14
33130,"Russian","WG",18,"Female",NA,162,59
33131,"Russian","WG",18,"Male",NA,227,92
33132,"Russian","WG",18,"Female",NA,358,222
33133,"Russian","WG",18,"Male",NA,234,9
33134,"Russian","WG",18,"Male",NA,201,6
33135,"Russian","WG",18,"Female",NA,317,30
33136,"Russian","WG",18,"Female",NA,399,37
33137,"Russian","WG",18,"Female",NA,368,64
33138,"Russian","WG",18,"Male",NA,292,17
33139,"Russian","WG",18,"Female",NA,341,27
33140,"Russian","WG",18,"Male",NA,293,56
33141,"Russian","WG",18,"Female",NA,302,28
33142,"Russian","WG",18,"Female",NA,301,42
33143,"Russian","WG",18,"Male",NA,356,165
33144,"Russian","WG",18,"Male",NA,364,47
33145,"Russian","WG",18,"Male",NA,389,218
33146,"Russian","WG",18,"Male",NA,272,23
33147,"Russian","WG",18,"Male",NA,258,60
33148,"Russian","WG",18,"Male",NA,320,42
33149,"Russian","WG",18,"Male",NA,346,66
33150,"Russian","WG",18,"Male",NA,328,24
33151,"Russian","WS",18,"Female",NA,257,257
33152,"Russian","WS",18,"Male",NA,213,213
33153,"Russian","WS",18,"Female",NA,106,106
33154,"Russian","WS",18,"Male",NA,157,157
33155,"Russian","WS",18,"Male",NA,46,46
33156,"Russian","WS",18,"Female",NA,32,32
33157,"Russian","WS",18,"Male",NA,18,18
33158,"Russian","WS",18,"Male",NA,10,10
33159,"Russian","WS",18,"Female",NA,70,70
33160,"Russian","WS",18,"Female",NA,74,74
33161,"Russian","WS",18,"Male",NA,14,14
33162,"Russian","WS",18,"Female",NA,128,128
33163,"Russian","WS",18,"Female",NA,33,33
33164,"Russian","WS",18,"Female",NA,75,75
33165,"Russian","WS",18,"Male",NA,61,61
33166,"Russian","WS",18,"Female",NA,127,127
33167,"Russian","WS",18,"Male",NA,16,16
33168,"Russian","WS",18,"Female",NA,120,120
33169,"Russian","WS",18,"Female",NA,144,144
33170,"Russian","WS",18,"Female",NA,193,193
33171,"Russian","WS",18,"Male",NA,19,19
33172,"Russian","WS",18,"Female",NA,54,54
33173,"Russian","WS",18,"Female",NA,59,59
33174,"Russian","WS",18,"Male",NA,46,46
33175,"Russian","WS",18,"Female",NA,31,31
33176,"Russian","WS",18,"Male",NA,21,21
33177,"Russian","WS",18,"Female",NA,19,19
33178,"Russian","WS",18,"Male",NA,9,9
33179,"Russian","WS",18,"Female",NA,16,16
33180,"Russian","WS",18,"Female",NA,40,40
33181,"Russian","WS",18,"Male",NA,11,11
33182,"Russian","WS",18,"Female",NA,17,17
33183,"Russian","WS",18,"Female",NA,71,71
33184,"Russian","WS",18,"Female",NA,139,139
33185,"Russian","WS",18,"Male",NA,44,44
33186,"Russian","WS",18,"Male",NA,46,46
33187,"Russian","WS",18,"Female",NA,14,14
33188,"Russian","WS",18,"Female",NA,25,25
33189,"Russian","WS",18,"Male",NA,32,32
33190,"Russian","WS",18,"Female",NA,36,36
33191,"Russian","WS",18,"Male",NA,67,67
33192,"Russian","WS",18,"Male",NA,11,11
33193,"Russian","WS",19,"Female",NA,63,63
33194,"Russian","WS",19,"Male",NA,20,20
33195,"Russian","WS",19,"Female",NA,37,37
33196,"Russian","WS",19,"Male",NA,9,9
33197,"Russian","WS",19,"Female",NA,118,118
33198,"Russian","WS",19,"Female",NA,34,34
33199,"Russian","WS",19,"Female",NA,20,20
33200,"Russian","WS",19,"Female",NA,104,104
33201,"Russian","WS",19,"Female",NA,272,272
33202,"Russian","WS",19,"Male",NA,37,37
33203,"Russian","WS",19,"Female",NA,17,17
33204,"Russian","WS",19,"Male",NA,79,79
33205,"Russian","WS",19,"Male",NA,83,83
33206,"Russian","WS",19,"Female",NA,105,105
33207,"Russian","WS",19,"Female",NA,94,94
33208,"Russian","WS",19,"Female",NA,137,137
33209,"Russian","WS",19,"Female",NA,299,299
33210,"Russian","WS",19,"Male",NA,230,230
33211,"Russian","WS",19,"Female",NA,222,222
33212,"Russian","WS",19,"Male",NA,103,103
33213,"Russian","WS",19,"Male",NA,14,14
33214,"Russian","WS",19,"Male",NA,210,210
33215,"Russian","WS",19,"Male",NA,27,27
33216,"Russian","WS",19,"Female",NA,113,113
33217,"Russian","WS",19,"Male",NA,274,274
33218,"Russian","WS",19,"Female",NA,51,51
33219,"Russian","WS",19,"Male",NA,173,173
33220,"Russian","WS",19,"Female",NA,35,35
33221,"Russian","WS",19,"Female",NA,20,20
33222,"Russian","WS",19,"Male",NA,21,21
33223,"Russian","WS",19,"Female",NA,209,209
33224,"Russian","WS",19,"Male",NA,243,243
33225,"Russian","WS",19,"Female",NA,100,100
33226,"Russian","WS",19,"Female",NA,30,30
33227,"Russian","WS",19,"Male",NA,18,18
33228,"Russian","WS",19,"Male",NA,35,35
33229,"Russian","WS",19,"Male",NA,10,10
33230,"Russian","WS",19,"Female",NA,192,192
33231,"Russian","WS",19,"Female",NA,61,61
33232,"Russian","WS",19,"Male",NA,45,45
33233,"Russian","WS",19,"Male",NA,16,16
33234,"Russian","WS",20,"Male",NA,40,40
33235,"Russian","WS",20,"Male",NA,111,111
33236,"Russian","WS",20,"Female",NA,77,77
33237,"Russian","WS",20,"Male",NA,83,83
33238,"Russian","WS",20,"Male",NA,396,396
33239,"Russian","WS",20,"Male",NA,544,544
33240,"Russian","WS",20,"Female",NA,312,312
33241,"Russian","WS",20,"Female",NA,58,58
33242,"Russian","WS",20,"Female",NA,41,41
33243,"Russian","WS",20,"Male",NA,150,150
33244,"Russian","WS",20,"Male",NA,100,100
33245,"Russian","WS",20,"Male",NA,79,79
33246,"Russian","WS",20,"Female",NA,100,100
33247,"Russian","WS",20,"Male",NA,122,122
33248,"Russian","WS",20,"Male",NA,341,341
33249,"Russian","WS",20,"Female",NA,387,387
33250,"Russian","WS",20,"Male",NA,66,66
33251,"Russian","WS",20,"Male",NA,108,108
33252,"Russian","WS",20,"Male",NA,335,335
33253,"Russian","WS",20,"Female",NA,143,143
33254,"Russian","WS",20,"Male",NA,34,34
33255,"Russian","WS",20,"Female",NA,19,19
33256,"Russian","WS",20,"Male",NA,36,36
33257,"Russian","WS",20,"Male",NA,26,26
33258,"Russian","WS",20,"Male",NA,75,75
33259,"Russian","WS",20,"Male",NA,56,56
33260,"Russian","WS",20,"Female",NA,46,46
33261,"Russian","WS",20,"Female",NA,20,20
33262,"Russian","WS",20,"Female",NA,54,54
33263,"Russian","WS",20,"Male",NA,45,45
33264,"Russian","WS",20,"Male",NA,64,64
33265,"Russian","WS",20,"Female",NA,97,97
33266,"Russian","WS",20,"Female",NA,93,93
33267,"Russian","WS",20,"Male",NA,47,47
33268,"Russian","WS",20,"Male",NA,71,71
33269,"Russian","WS",20,"Male",NA,18,18
33270,"Russian","WS",20,"Female",NA,25,25
33271,"Russian","WS",20,"Male",NA,60,60
33272,"Russian","WS",20,"Female",NA,45,45
33273,"Russian","WS",20,"Female",NA,102,102
33274,"Russian","WS",20,"Male",NA,257,257
33275,"Russian","WS",20,"Male",NA,298,298
33276,"Russian","WS",20,"Male",NA,223,223
33277,"Russian","WS",20,"Female",NA,160,160
33278,"Russian","WS",20,"Female",NA,161,161
33279,"Russian","WS",21,"Female",NA,190,190
33280,"Russian","WS",21,"Male",NA,105,105
33281,"Russian","WS",21,"Male",NA,401,401
33282,"Russian","WS",21,"Male",NA,163,163
33283,"Russian","WS",21,"Male",NA,133,133
33284,"Russian","WS",21,"Male",NA,100,100
33285,"Russian","WS",21,"Female",NA,349,349
33286,"Russian","WS",21,"Male",NA,334,334
33287,"Russian","WS",21,"Male",NA,15,15
33288,"Russian","WS",21,"Female",NA,118,118
33289,"Russian","WS",21,"Female",NA,18,18
33290,"Russian","WS",21,"Female",NA,526,526
33291,"Russian","WS",21,"Male",NA,66,66
33292,"Russian","WS",21,"Female",NA,254,254
33293,"Russian","WS",21,"Female",NA,493,493
33294,"Russian","WS",21,"Female",NA,397,397
33295,"Russian","WS",21,"Female",NA,52,52
33296,"Russian","WS",21,"Female",NA,198,198
33297,"Russian","WS",21,"Male",NA,585,585
33298,"Russian","WS",21,"Male",NA,289,289
33299,"Russian","WS",21,"Female",NA,100,100
33300,"Russian","WS",21,"Male",NA,229,229
33301,"Russian","WS",21,"Female",NA,280,280
33302,"Russian","WS",21,"Female",NA,62,62
33303,"Russian","WS",21,"Female",NA,88,88
33304,"Russian","WS",21,"Female",NA,101,101
33305,"Russian","WS",21,"Male",NA,49,49
33306,"Russian","WS",21,"Female",NA,483,483
33307,"Russian","WS",21,"Female",NA,114,114
33308,"Russian","WS",21,"Male",NA,673,673
33309,"Russian","WS",21,"Female",NA,265,265
33310,"Russian","WS",21,"Male",NA,13,13
33311,"Russian","WS",21,"Male",NA,6,6
33312,"Russian","WS",21,"Male",NA,13,13
33313,"Russian","WS",21,"Female",NA,19,19
33314,"Russian","WS",21,"Male",NA,58,58
33315,"Russian","WS",21,"Male",NA,61,61
33316,"Russian","WS",21,"Male",NA,15,15
33317,"Russian","WS",21,"Female",NA,18,18
33318,"Russian","WS",21,"Male",NA,140,140
33319,"Russian","WS",21,"Male",NA,467,467
33320,"Russian","WS",21,"Female",NA,342,342
33321,"Russian","WS",21,"Female",NA,445,445
33322,"Russian","WS",22,"Female",NA,349,349
33323,"Russian","WS",22,"Female",NA,370,370
33324,"Russian","WS",22,"Male",NA,342,342
33325,"Russian","WS",22,"Male",NA,304,304
33326,"Russian","WS",22,"Female",NA,352,352
33327,"Russian","WS",22,"Female",NA,57,57
33328,"Russian","WS",22,"Female",NA,53,53
33329,"Russian","WS",22,"Female",NA,145,145
33330,"Russian","WS",22,"Female",NA,432,432
33331,"Russian","WS",22,"Male",NA,59,59
33332,"Russian","WS",22,"Male",NA,296,296
33333,"Russian","WS",22,"Female",NA,61,61
33334,"Russian","WS",22,"Male",NA,26,26
33335,"Russian","WS",22,"Female",NA,48,48
33336,"Russian","WS",22,"Female",NA,88,88
33337,"Russian","WS",22,"Male",NA,176,176
33338,"Russian","WS",22,"Female",NA,382,382
33339,"Russian","WS",22,"Female",NA,426,426
33340,"Russian","WS",22,"Female",NA,312,312
33341,"Russian","WS",22,"Male",NA,266,266
33342,"Russian","WS",22,"Male",NA,122,122
33343,"Russian","WS",22,"Male",NA,65,65
33344,"Russian","WS",22,"Male",NA,139,139
33345,"Russian","WS",22,"Female",NA,101,101
33346,"Russian","WS",22,"Male",NA,66,66
33347,"Russian","WS",22,"Female",NA,243,243
33348,"Russian","WS",22,"Male",NA,279,279
33349,"Russian","WS",22,"Female",NA,65,65
33350,"Russian","WS",22,"Female",NA,60,60
33351,"Russian","WS",22,"Male",NA,38,38
33352,"Russian","WS",22,"Male",NA,181,181
33353,"Russian","WS",22,"Male",NA,152,152
33354,"Russian","WS",22,"Female",NA,356,356
33355,"Russian","WS",22,"Female",NA,251,251
33356,"Russian","WS",22,"Female",NA,306,306
33357,"Russian","WS",22,"Female",NA,195,195
33358,"Russian","WS",22,"Female",NA,393,393
33359,"Russian","WS",22,"Female",NA,406,406
33360,"Russian","WS",22,"Male",NA,275,275
33361,"Russian","WS",22,"Male",NA,245,245
33362,"Russian","WS",22,"Male",NA,121,121
33363,"Russian","WS",22,"Male",NA,16,16
33364,"Russian","WS",22,"Female",NA,106,106
33365,"Russian","WS",22,"Female",NA,553,553
33366,"Russian","WS",22,"Male",NA,222,222
33367,"Russian","WS",22,"Male",NA,152,152
33368,"Russian","WS",22,"Female",NA,387,387
33369,"Russian","WS",22,"Female",NA,86,86
33370,"Russian","WS",22,"Female",NA,67,67
33371,"Russian","WS",22,"Female",NA,364,364
33372,"Russian","WS",22,"Male",NA,272,272
33373,"Russian","WS",23,"Male",NA,50,50
33374,"Russian","WS",23,"Female",NA,150,150
33375,"Russian","WS",23,"Male",NA,274,274
33376,"Russian","WS",23,"Female",NA,284,284
33377,"Russian","WS",23,"Female",NA,353,353
33378,"Russian","WS",23,"Female",NA,68,68
33379,"Russian","WS",23,"Female",NA,266,266
33380,"Russian","WS",23,"Female",NA,253,253
33381,"Russian","WS",23,"Female",NA,440,440
33382,"Russian","WS",23,"Female",NA,343,343
33383,"Russian","WS",23,"Male",NA,321,321
33384,"Russian","WS",23,"Female",NA,425,425
33385,"Russian","WS",23,"Female",NA,146,146
33386,"Russian","WS",23,"Female",NA,391,391
33387,"Russian","WS",23,"Female",NA,290,290
33388,"Russian","WS",23,"Male",NA,294,294
33389,"Russian","WS",23,"Female",NA,29,29
33390,"Russian","WS",23,"Female",NA,61,61
33391,"Russian","WS",23,"Female",NA,374,374
33392,"Russian","WS",23,"Female",NA,74,74
33393,"Russian","WS",23,"Female",NA,144,144
33394,"Russian","WS",23,"Male",NA,355,355
33395,"Russian","WS",23,"Female",NA,647,647
33396,"Russian","WS",23,"Female",NA,285,285
33397,"Russian","WS",23,"Female",NA,278,278
33398,"Russian","WS",23,"Female",NA,231,231
33399,"Russian","WS",23,"Female",NA,463,463
33400,"Russian","WS",23,"Female",NA,398,398
33401,"Russian","WS",23,"Female",NA,164,164
33402,"Russian","WS",23,"Male",NA,397,397
33403,"Russian","WS",23,"Male",NA,411,411
33404,"Russian","WS",23,"Male",NA,78,78
33405,"Russian","WS",23,"Female",NA,177,177
33406,"Russian","WS",23,"Female",NA,275,275
33407,"Russian","WS",23,"Male",NA,286,286
33408,"Russian","WS",23,"Male",NA,211,211
33409,"Russian","WS",23,"Female",NA,125,125
33410,"Russian","WS",23,"Female",NA,326,326
33411,"Russian","WS",23,"Male",NA,422,422
33412,"Russian","WS",23,"Female",NA,482,482
33413,"Russian","WS",23,"Male",NA,385,385
33414,"Russian","WS",23,"Female",NA,190,190
33415,"Russian","WS",23,"Female",NA,554,554
33416,"Russian","WS",23,"Female",NA,111,111
33417,"Russian","WS",23,"Male",NA,247,247
33418,"Russian","WS",23,"Male",NA,47,47
33419,"Russian","WS",23,"Female",NA,159,159
33420,"Russian","WS",23,"Female",NA,203,203
33421,"Russian","WS",23,"Male",NA,26,26
33422,"Russian","WS",23,"Male",NA,104,104
33423,"Russian","WS",23,"Female",NA,559,559
33424,"Russian","WS",23,"Male",NA,190,190
33425,"Russian","WS",23,"Female",NA,309,309
33426,"Russian","WS",23,"Male",NA,98,98
33427,"Russian","WS",23,"Female",NA,68,68
33428,"Russian","WS",23,"Male",NA,14,14
33429,"Russian","WS",24,"Female",NA,566,566
33430,"Russian","WS",24,"Female",NA,366,366
33431,"Russian","WS",24,"Male",NA,592,592
33432,"Russian","WS",24,"Male",NA,357,357
33433,"Russian","WS",24,"Female",NA,469,469
33434,"Russian","WS",24,"Male",NA,162,162
33435,"Russian","WS",24,"Male",NA,466,466
33436,"Russian","WS",24,"Female",NA,300,300
33437,"Russian","WS",24,"Female",NA,137,137
33438,"Russian","WS",24,"Male",NA,417,417
33439,"Russian","WS",24,"Male",NA,370,370
33440,"Russian","WS",24,"Male",NA,289,289
33441,"Russian","WS",24,"Male",NA,515,515
33442,"Russian","WS",24,"Male",NA,344,344
33443,"Russian","WS",24,"Female",NA,499,499
33444,"Russian","WS",24,"Male",NA,21,21
33445,"Russian","WS",24,"Male",NA,497,497
33446,"Russian","WS",24,"Female",NA,314,314
33447,"Russian","WS",24,"Male",NA,493,493
33448,"Russian","WS",24,"Female",NA,326,326
33449,"Russian","WS",24,"Female",NA,450,450
33450,"Russian","WS",24,"Female",NA,230,230
33451,"Russian","WS",24,"Male",NA,464,464
33452,"Russian","WS",24,"Female",NA,466,466
33453,"Russian","WS",24,"Female",NA,495,495
33454,"Russian","WS",24,"Female",NA,568,568
33455,"Russian","WS",24,"Male",NA,466,466
33456,"Russian","WS",24,"Male",NA,117,117
33457,"Russian","WS",24,"Female",NA,120,120
33458,"Russian","WS",24,"Male",NA,134,134
33459,"Russian","WS",24,"Female",NA,267,267
33460,"Russian","WS",24,"Male",NA,98,98
33461,"Russian","WS",24,"Male",NA,98,98
33462,"Russian","WS",24,"Male",NA,220,220
33463,"Russian","WS",24,"Female",NA,209,209
33464,"Russian","WS",24,"Female",NA,433,433
33465,"Russian","WS",24,"Male",NA,74,74
33466,"Russian","WS",24,"Male",NA,62,62
33467,"Russian","WS",24,"Male",NA,57,57
33468,"Russian","WS",24,"Male",NA,59,59
33469,"Russian","WS",24,"Male",NA,46,46
33470,"Russian","WS",24,"Male",NA,66,66
33471,"Russian","WS",24,"Female",NA,136,136
33472,"Russian","WS",24,"Female",NA,132,132
33473,"Russian","WS",24,"Male",NA,186,186
33474,"Russian","WS",24,"Male",NA,83,83
33475,"Russian","WS",24,"Male",NA,340,340
33476,"Russian","WS",24,"Male",NA,512,512
33477,"Russian","WS",24,"Male",NA,346,346
33478,"Russian","WS",24,"Female",NA,544,544
33479,"Russian","WS",24,"Male",NA,348,348
33480,"Russian","WS",24,"Female",NA,197,197
33481,"Russian","WS",24,"Female",NA,524,524
33482,"Russian","WS",24,"Female",NA,262,262
33483,"Russian","WS",24,"Female",NA,58,58
33484,"Russian","WS",24,"Female",NA,132,132
33485,"Russian","WS",24,"Male",NA,212,212
33486,"Russian","WS",24,"Female",NA,658,658
33487,"Russian","WS",24,"Male",NA,124,124
33488,"Russian","WS",24,"Female",NA,189,189
33489,"Russian","WS",24,"Female",NA,58,58
33490,"Russian","WS",25,"Female",NA,202,202
33491,"Russian","WS",25,"Male",NA,81,81
33492,"Russian","WS",25,"Male",NA,363,363
33493,"Russian","WS",25,"Male",NA,466,466
33494,"Russian","WS",25,"Male",NA,400,400
33495,"Russian","WS",25,"Female",NA,487,487
33496,"Russian","WS",25,"Female",NA,368,368
33497,"Russian","WS",25,"Female",NA,551,551
33498,"Russian","WS",25,"Male",NA,280,280
33499,"Russian","WS",25,"Female",NA,247,247
33500,"Russian","WS",25,"Female",NA,90,90
33501,"Russian","WS",25,"Male",NA,72,72
33502,"Russian","WS",25,"Male",NA,164,164
33503,"Russian","WS",25,"Female",NA,166,166
33504,"Russian","WS",25,"Female",NA,250,250
33505,"Russian","WS",25,"Female",NA,508,508
33506,"Russian","WS",25,"Female",NA,587,587
33507,"Russian","WS",25,"Male",NA,587,587
33508,"Russian","WS",25,"Female",NA,244,244
33509,"Russian","WS",25,"Female",NA,366,366
33510,"Russian","WS",25,"Female",NA,463,463
33511,"Russian","WS",25,"Female",NA,131,131
33512,"Russian","WS",25,"Female",NA,580,580
33513,"Russian","WS",25,"Female",NA,498,498
33514,"Russian","WS",25,"Female",NA,325,325
33515,"Russian","WS",25,"Male",NA,85,85
33516,"Russian","WS",25,"Male",NA,234,234
33517,"Russian","WS",25,"Female",NA,446,446
33518,"Russian","WS",25,"Female",NA,150,150
33519,"Russian","WS",25,"Female",NA,236,236
33520,"Russian","WS",25,"Male",NA,459,459
33521,"Russian","WS",25,"Female",NA,382,382
33522,"Russian","WS",25,"Female",NA,275,275
33523,"Russian","WS",25,"Female",NA,454,454
33524,"Russian","WS",25,"Male",NA,36,36
33525,"Russian","WS",25,"Male",NA,391,391
33526,"Russian","WS",25,"Male",NA,390,390
33527,"Russian","WS",25,"Female",NA,570,570
33528,"Russian","WS",25,"Male",NA,198,198
33529,"Russian","WS",25,"Male",NA,92,92
33530,"Russian","WS",25,"Male",NA,336,336
33531,"Russian","WS",25,"Male",NA,263,263
33532,"Russian","WS",25,"Female",NA,354,354
33533,"Russian","WS",25,"Female",NA,579,579
33534,"Russian","WS",25,"Female",NA,483,483
33535,"Russian","WS",25,"Female",NA,169,169
33536,"Russian","WS",25,"Female",NA,442,442
33537,"Russian","WS",25,"Female",NA,586,586
33538,"Russian","WS",25,"Female",NA,427,427
33539,"Russian","WS",25,"Male",NA,194,194
33540,"Russian","WS",25,"Female",NA,203,203
33541,"Russian","WS",25,"Female",NA,538,538
33542,"Russian","WS",25,"Female",NA,394,394
33543,"Russian","WS",25,"Female",NA,330,330
33544,"Russian","WS",25,"Female",NA,204,204
33545,"Russian","WS",25,"Male",NA,322,322
33546,"Russian","WS",25,"Female",NA,155,155
33547,"Russian","WS",25,"Female",NA,231,231
33548,"Russian","WS",25,"Male",NA,336,336
33549,"Russian","WS",25,"Male",NA,252,252
33550,"Russian","WS",25,"Male",NA,302,302
33551,"Russian","WS",25,"Male",NA,359,359
33552,"Russian","WS",25,"Male",NA,134,134
33553,"Russian","WS",25,"Female",NA,508,508
33554,"Russian","WS",25,"Male",NA,87,87
33555,"Russian","WS",25,"Male",NA,276,276
33556,"Russian","WS",26,"Female",NA,164,164
33557,"Russian","WS",26,"Male",NA,158,158
33558,"Russian","WS",26,"Male",NA,582,582
33559,"Russian","WS",26,"Male",NA,58,58
33560,"Russian","WS",26,"Male",NA,212,212
33561,"Russian","WS",26,"Male",NA,208,208
33562,"Russian","WS",26,"Female",NA,426,426
33563,"Russian","WS",26,"Female",NA,43,43
33564,"Russian","WS",26,"Male",NA,370,370
33565,"Russian","WS",26,"Male",NA,402,402
33566,"Russian","WS",26,"Female",NA,462,462
33567,"Russian","WS",26,"Male",NA,370,370
33568,"Russian","WS",26,"Female",NA,669,669
33569,"Russian","WS",26,"Female",NA,419,419
33570,"Russian","WS",26,"Female",NA,368,368
33571,"Russian","WS",26,"Female",NA,384,384
33572,"Russian","WS",26,"Female",NA,166,166
33573,"Russian","WS",26,"Female",NA,389,389
33574,"Russian","WS",26,"Male",NA,153,153
33575,"Russian","WS",26,"Male",NA,428,428
33576,"Russian","WS",26,"Female",NA,427,427
33577,"Russian","WS",26,"Female",NA,365,365
33578,"Russian","WS",26,"Female",NA,365,365
33579,"Russian","WS",26,"Male",NA,431,431
33580,"Russian","WS",26,"Female",NA,66,66
33581,"Russian","WS",26,"Female",NA,547,547
33582,"Russian","WS",26,"Male",NA,75,75
33583,"Russian","WS",26,"Female",NA,225,225
33584,"Russian","WS",26,"Male",NA,503,503
33585,"Russian","WS",26,"Female",NA,486,486
33586,"Russian","WS",26,"Female",NA,512,512
33587,"Russian","WS",26,"Male",NA,306,306
33588,"Russian","WS",26,"Male",NA,276,276
33589,"Russian","WS",26,"Male",NA,92,92
33590,"Russian","WS",26,"Female",NA,187,187
33591,"Russian","WS",26,"Male",NA,378,378
33592,"Russian","WS",26,"Male",NA,653,653
33593,"Russian","WS",26,"Female",NA,78,78
33594,"Russian","WS",26,"Female",NA,146,146
33595,"Russian","WS",26,"Male",NA,225,225
33596,"Russian","WS",26,"Male",NA,211,211
33597,"Russian","WS",26,"Male",NA,217,217
33598,"Russian","WS",26,"Female",NA,444,444
33599,"Russian","WS",26,"Male",NA,246,246
33600,"Russian","WS",26,"Female",NA,462,462
33601,"Russian","WS",26,"Male",NA,475,475
33602,"Russian","WS",26,"Female",NA,53,53
33603,"Russian","WS",26,"Female",NA,552,552
33604,"Russian","WS",26,"Female",NA,416,416
33605,"Russian","WS",26,"Male",NA,449,449
33606,"Russian","WS",26,"Male",NA,77,77
33607,"Russian","WS",26,"Male",NA,357,357
33608,"Russian","WS",27,"Female",NA,308,308
33609,"Russian","WS",27,"Male",NA,529,529
33610,"Russian","WS",27,"Female",NA,586,586
33611,"Russian","WS",27,"Female",NA,604,604
33612,"Russian","WS",27,"Female",NA,582,582
33613,"Russian","WS",27,"Female",NA,527,527
33614,"Russian","WS",27,"Female",NA,419,419
33615,"Russian","WS",27,"Male",NA,204,204
33616,"Russian","WS",27,"Female",NA,685,685
33617,"Russian","WS",27,"Male",NA,587,587
33618,"Russian","WS",27,"Male",NA,277,277
33619,"Russian","WS",27,"Male",NA,412,412
33620,"Russian","WS",27,"Male",NA,256,256
33621,"Russian","WS",27,"Male",NA,398,398
33622,"Russian","WS",27,"Male",NA,280,280
33623,"Russian","WS",27,"Female",NA,672,672
33624,"Russian","WS",27,"Female",NA,532,532
33625,"Russian","WS",27,"Female",NA,337,337
33626,"Russian","WS",27,"Male",NA,451,451
33627,"Russian","WS",27,"Female",NA,204,204
33628,"Russian","WS",27,"Female",NA,68,68
33629,"Russian","WS",27,"Male",NA,635,635
33630,"Russian","WS",27,"Female",NA,240,240
33631,"Russian","WS",27,"Female",NA,186,186
33632,"Russian","WS",27,"Male",NA,508,508
33633,"Russian","WS",27,"Female",NA,113,113
33634,"Russian","WS",27,"Male",NA,160,160
33635,"Russian","WS",27,"Male",NA,97,97
33636,"Russian","WS",27,"Female",NA,681,681
33637,"Russian","WS",27,"Female",NA,269,269
33638,"Russian","WS",27,"Male",NA,67,67
33639,"Russian","WS",27,"Male",NA,229,229
33640,"Russian","WS",27,"Male",NA,100,100
33641,"Russian","WS",27,"Female",NA,671,671
33642,"Russian","WS",27,"Female",NA,308,308
33643,"Russian","WS",27,"Female",NA,487,487
33644,"Russian","WS",27,"Female",NA,480,480
33645,"Russian","WS",27,"Male",NA,658,658
33646,"Russian","WS",27,"Male",NA,660,660
33647,"Russian","WS",27,"Female",NA,156,156
33648,"Russian","WS",27,"Male",NA,550,550
33649,"Russian","WS",27,"Male",NA,179,179
33650,"Russian","WS",27,"Female",NA,265,265
33651,"Russian","WS",27,"Female",NA,540,540
33652,"Russian","WS",27,"Female",NA,347,347
33653,"Russian","WS",27,"Female",NA,612,612
33654,"Russian","WS",27,"Female",NA,370,370
33655,"Russian","WS",27,"Female",NA,638,638
33656,"Russian","WS",27,"Female",NA,153,153
33657,"Russian","WS",27,"Female",NA,582,582
33658,"Russian","WS",27,"Male",NA,38,38
33659,"Russian","WS",27,"Male",NA,194,194
33660,"Russian","WS",27,"Female",NA,572,572
33661,"Russian","WS",27,"Female",NA,504,504
33662,"Russian","WS",27,"Male",NA,14,14
33663,"Russian","WS",27,"Female",NA,84,84
33664,"Russian","WS",27,"Female",NA,89,89
33665,"Russian","WS",27,"Female",NA,673,673
33666,"Russian","WS",27,"Female",NA,172,172
33667,"Russian","WS",27,"Female",NA,171,171
33668,"Russian","WS",28,"Female",NA,564,564
33669,"Russian","WS",28,"Female",NA,473,473
33670,"Russian","WS",28,"Female",NA,524,524
33671,"Russian","WS",28,"Male",NA,480,480
33672,"Russian","WS",28,"Female",NA,520,520
33673,"Russian","WS",28,"Female",NA,668,668
33674,"Russian","WS",28,"Female",NA,360,360
33675,"Russian","WS",28,"Female",NA,378,378
33676,"Russian","WS",28,"Male",NA,225,225
33677,"Russian","WS",28,"Female",NA,629,629
33678,"Russian","WS",28,"Female",NA,450,450
33679,"Russian","WS",28,"Male",NA,473,473
33680,"Russian","WS",28,"Male",NA,234,234
33681,"Russian","WS",28,"Male",NA,574,574
33682,"Russian","WS",28,"Male",NA,23,23
33683,"Russian","WS",28,"Female",NA,488,488
33684,"Russian","WS",28,"Male",NA,372,372
33685,"Russian","WS",28,"Male",NA,328,328
33686,"Russian","WS",28,"Female",NA,567,567
33687,"Russian","WS",28,"Male",NA,151,151
33688,"Russian","WS",28,"Male",NA,278,278
33689,"Russian","WS",28,"Male",NA,460,460
33690,"Russian","WS",28,"Male",NA,30,30
33691,"Russian","WS",28,"Male",NA,300,300
33692,"Russian","WS",28,"Male",NA,508,508
33693,"Russian","WS",28,"Male",NA,518,518
33694,"Russian","WS",28,"Female",NA,489,489
33695,"Russian","WS",28,"Female",NA,543,543
33696,"Russian","WS",28,"Male",NA,306,306
33697,"Russian","WS",28,"Male",NA,179,179
33698,"Russian","WS",28,"Female",NA,200,200
33699,"Russian","WS",28,"Female",NA,509,509
33700,"Russian","WS",28,"Male",NA,75,75
33701,"Russian","WS",28,"Male",NA,269,269
33702,"Russian","WS",28,"Female",NA,304,304
33703,"Russian","WS",28,"Female",NA,589,589
33704,"Russian","WS",28,"Female",NA,374,374
33705,"Russian","WS",28,"Female",NA,630,630
33706,"Russian","WS",28,"Male",NA,565,565
33707,"Russian","WS",28,"Male",NA,491,491
33708,"Russian","WS",28,"Male",NA,440,440
33709,"Russian","WS",28,"Female",NA,328,328
33710,"Russian","WS",28,"Female",NA,615,615
33711,"Russian","WS",28,"Female",NA,683,683
33712,"Russian","WS",28,"Female",NA,358,358
33713,"Russian","WS",28,"Male",NA,542,542
33714,"Russian","WS",28,"Male",NA,108,108
33715,"Russian","WS",28,"Female",NA,354,354
33716,"Russian","WS",28,"Male",NA,109,109
33717,"Russian","WS",28,"Male",NA,394,394
33718,"Russian","WS",28,"Male",NA,463,463
33719,"Russian","WS",28,"Female",NA,105,105
33720,"Russian","WS",28,"Female",NA,436,436
33721,"Russian","WS",28,"Male",NA,511,511
33722,"Russian","WS",28,"Male",NA,638,638
33723,"Russian","WS",28,"Male",NA,332,332
33724,"Russian","WS",28,"Female",NA,572,572
33725,"Russian","WS",28,"Male",NA,364,364
33726,"Russian","WS",28,"Male",NA,383,383
33727,"Russian","WS",28,"Female",NA,654,654
33728,"Russian","WS",29,"Male",NA,426,426
33729,"Russian","WS",29,"Female",NA,171,171
33730,"Russian","WS",29,"Female",NA,622,622
33731,"Russian","WS",29,"Male",NA,641,641
33732,"Russian","WS",29,"Male",NA,562,562
33733,"Russian","WS",29,"Male",NA,324,324
33734,"Russian","WS",29,"Female",NA,680,680
33735,"Russian","WS",29,"Female",NA,348,348
33736,"Russian","WS",29,"Female",NA,470,470
33737,"Russian","WS",29,"Female",NA,571,571
33738,"Russian","WS",29,"Female",NA,635,635
33739,"Russian","WS",29,"Female",NA,538,538
33740,"Russian","WS",29,"Female",NA,606,606
33741,"Russian","WS",29,"Female",NA,629,629
33742,"Russian","WS",29,"Male",NA,222,222
33743,"Russian","WS",29,"Female",NA,279,279
33744,"Russian","WS",29,"Female",NA,558,558
33745,"Russian","WS",29,"Male",NA,215,215
33746,"Russian","WS",29,"Female",NA,524,524
33747,"Russian","WS",29,"Male",NA,446,446
33748,"Russian","WS",29,"Male",NA,588,588
33749,"Russian","WS",29,"Female",NA,549,549
33750,"Russian","WS",29,"Male",NA,262,262
33751,"Russian","WS",29,"Female",NA,622,622
33752,"Russian","WS",29,"Male",NA,274,274
33753,"Russian","WS",29,"Male",NA,657,657
33754,"Russian","WS",29,"Male",NA,375,375
33755,"Russian","WS",29,"Female",NA,371,371
33756,"Russian","WS",29,NA,NA,64,64
33757,"Russian","WS",29,"Male",NA,674,674
33758,"Russian","WS",29,"Male",NA,461,461
33759,"Russian","WS",29,"Female",NA,442,442
33760,"Russian","WS",29,"Male",NA,564,564
33761,"Russian","WS",29,"Female",NA,267,267
33762,"Russian","WS",29,"Female",NA,566,566
33763,"Russian","WS",29,"Female",NA,533,533
33764,"Russian","WS",29,"Female",NA,539,539
33765,"Russian","WS",29,"Female",NA,560,560
33766,"Russian","WS",29,"Male",NA,411,411
33767,"Russian","WS",29,"Male",NA,306,306
33768,"Russian","WS",29,"Female",NA,366,366
33769,"Russian","WS",29,"Male",NA,292,292
33770,"Russian","WS",29,"Male",NA,323,323
33771,"Russian","WS",29,"Male",NA,592,592
33772,"Russian","WS",29,"Female",NA,362,362
33773,"Russian","WS",29,"Male",NA,639,639
33774,"Russian","WS",29,"Male",NA,479,479
33775,"Russian","WS",29,"Male",NA,190,190
33776,"Russian","WS",29,"Female",NA,543,543
33777,"Russian","WS",29,"Male",NA,452,452
33778,"Russian","WS",29,"Female",NA,591,591
33779,"Russian","WS",29,"Female",NA,254,254
33780,"Russian","WS",29,"Male",NA,392,392
33781,"Russian","WS",29,"Male",NA,425,425
33782,"Russian","WS",29,"Female",NA,662,662
33783,"Russian","WS",29,"Female",NA,470,470
33784,"Russian","WS",29,"Female",NA,455,455
33785,"Russian","WS",29,"Male",NA,727,727
33786,"Russian","WS",30,"Female",NA,610,610
33787,"Russian","WS",30,"Male",NA,453,453
33788,"Russian","WS",30,"Female",NA,592,592
33789,"Russian","WS",30,"Female",NA,521,521
33790,"Russian","WS",30,"Male",NA,654,654
33791,"Russian","WS",30,"Female",NA,203,203
33792,"Russian","WS",30,"Female",NA,623,623
33793,"Russian","WS",30,"Male",NA,562,562
33794,"Russian","WS",30,"Female",NA,329,329
33795,"Russian","WS",30,"Female",NA,669,669
33796,"Russian","WS",30,"Female",NA,550,550
33797,"Russian","WS",30,"Female",NA,401,401
33798,"Russian","WS",30,"Female",NA,585,585
33799,"Russian","WS",30,"Female",NA,617,617
33800,"Russian","WS",30,"Male",NA,428,428
33801,"Russian","WS",30,"Male",NA,365,365
33802,"Russian","WS",30,"Female",NA,328,328
33803,"Russian","WS",30,"Female",NA,570,570
33804,"Russian","WS",30,"Male",NA,510,510
33805,"Russian","WS",30,"Female",NA,601,601
33806,"Russian","WS",30,"Female",NA,509,509
33807,"Russian","WS",30,"Female",NA,411,411
33808,"Russian","WS",30,"Male",NA,118,118
33809,"Russian","WS",30,"Female",NA,587,587
33810,"Russian","WS",30,"Male",NA,370,370
33811,"Russian","WS",30,"Female",NA,677,677
33812,"Russian","WS",30,"Female",NA,568,568
33813,"Russian","WS",30,"Male",NA,626,626
33814,"Russian","WS",30,"Male",NA,641,641
33815,"Russian","WS",30,"Female",NA,460,460
33816,"Russian","WS",30,"Male",NA,82,82
33817,"Russian","WS",30,"Male",NA,193,193
33818,"Russian","WS",30,"Male",NA,554,554
33819,"Russian","WS",30,"Male",NA,622,622
33820,"Russian","WS",30,"Male",NA,113,113
33821,"Russian","WS",30,"Male",NA,264,264
33822,"Russian","WS",30,"Male",NA,463,463
33823,"Russian","WS",30,"Male",NA,135,135
33824,"Russian","WS",30,"Female",NA,340,340
33825,"Russian","WS",30,"Male",NA,167,167
33826,"Russian","WS",30,"Female",NA,318,318
33827,"Russian","WS",30,"Male",NA,403,403
33828,"Russian","WS",30,"Female",NA,306,306
33829,"Russian","WS",30,"Female",NA,551,551
33830,"Russian","WS",30,"Female",NA,446,446
33831,"Russian","WS",30,"Female",NA,586,586
33832,"Russian","WS",30,"Male",NA,381,381
33833,"Russian","WS",30,"Female",NA,592,592
33834,"Russian","WS",30,"Male",NA,629,629
33835,"Russian","WS",30,"Female",NA,410,410
33836,"Russian","WS",30,"Male",NA,433,433
33837,"Russian","WS",30,"Female",NA,533,533
33838,"Russian","WS",30,"Male",NA,603,603
33839,"Russian","WS",30,"Female",NA,352,352
33840,"Russian","WS",30,"Female",NA,545,545
33841,"Russian","WS",30,"Female",NA,582,582
33842,"Russian","WS",30,"Female",NA,271,271
33843,"Russian","WS",30,"Male",NA,616,616
33844,"Russian","WS",30,"Female",NA,526,526
33845,"Russian","WS",30,"Male",NA,411,411
33846,"Russian","WS",30,"Female",NA,315,315
33847,"Russian","WS",30,"Male",NA,691,691
33848,"Russian","WS",30,"Female",NA,526,526
33849,"Russian","WS",30,"Female",NA,376,376
33850,"Russian","WS",30,"Female",NA,224,224
33851,"Russian","WS",30,"Female",NA,116,116
33852,"Russian","WS",30,"Male",NA,464,464
33853,"Russian","WS",30,"Female",NA,220,220
33854,"Russian","WS",30,"Male",NA,644,644
33855,"Russian","WS",30,"Male",NA,553,553
33856,"Russian","WS",30,"Male",NA,118,118
33857,"Russian","WS",30,"Female",NA,635,635
33858,"Russian","WS",30,"Male",NA,67,67
33859,"Russian","WS",30,"Female",NA,644,644
33860,"Russian","WS",30,"Male",NA,358,358
33861,"Russian","WS",30,"Male",NA,525,525
33862,"Russian","WS",30,"Male",NA,55,55
33863,"Russian","WS",31,"Female",NA,575,575
33864,"Russian","WS",31,"Female",NA,516,516
33865,"Russian","WS",31,"Male",NA,662,662
33866,"Russian","WS",31,"Male",NA,303,303
33867,"Russian","WS",31,"Male",NA,670,670
33868,"Russian","WS",31,"Male",NA,336,336
33869,"Russian","WS",31,"Male",NA,333,333
33870,"Russian","WS",31,"Male",NA,629,629
33871,"Russian","WS",31,"Male",NA,680,680
33872,"Russian","WS",31,"Female",NA,650,650
33873,"Russian","WS",31,"Female",NA,253,253
33874,"Russian","WS",31,"Female",NA,629,629
33875,"Russian","WS",31,"Female",NA,599,599
33876,"Russian","WS",31,"Male",NA,555,555
33877,"Russian","WS",31,"Male",NA,583,583
33878,"Russian","WS",31,"Male",NA,197,197
33879,"Russian","WS",31,"Female",NA,645,645
33880,"Russian","WS",31,"Male",NA,173,173
33881,"Russian","WS",31,"Female",NA,491,491
33882,"Russian","WS",31,"Female",NA,558,558
33883,"Russian","WS",31,"Male",NA,414,414
33884,"Russian","WS",31,"Female",NA,485,485
33885,"Russian","WS",31,"Female",NA,648,648
33886,"Russian","WS",31,"Male",NA,513,513
33887,"Russian","WS",31,"Male",NA,624,624
33888,"Russian","WS",31,"Male",NA,442,442
33889,"Russian","WS",31,"Female",NA,667,667
33890,"Russian","WS",31,"Female",NA,488,488
33891,"Russian","WS",31,"Female",NA,286,286
33892,"Russian","WS",31,"Female",NA,375,375
33893,"Russian","WS",31,"Female",NA,644,644
33894,"Russian","WS",31,"Male",NA,419,419
33895,"Russian","WS",31,"Female",NA,653,653
33896,"Russian","WS",31,"Female",NA,522,522
33897,"Russian","WS",31,"Male",NA,218,218
33898,"Russian","WS",31,"Female",NA,551,551
33899,"Russian","WS",31,"Female",NA,526,526
33900,"Russian","WS",31,"Male",NA,587,587
33901,"Russian","WS",31,"Male",NA,61,61
33902,"Russian","WS",31,"Male",NA,567,567
33903,"Russian","WS",31,"Female",NA,206,206
33904,"Russian","WS",31,"Male",NA,583,583
33905,"Russian","WS",31,"Female",NA,195,195
33906,"Russian","WS",31,"Female",NA,447,447
33907,"Russian","WS",31,"Female",NA,548,548
33908,"Russian","WS",31,"Male",NA,295,295
33909,"Russian","WS",31,"Female",NA,480,480
33910,"Russian","WS",31,"Female",NA,648,648
33911,"Russian","WS",31,"Male",NA,672,672
33912,"Russian","WS",31,"Male",NA,572,572
33913,"Russian","WS",31,"Female",NA,294,294
33914,"Russian","WS",31,"Male",NA,440,440
33915,"Russian","WS",31,"Male",NA,422,422
33916,"Russian","WS",31,"Male",NA,639,639
33917,"Russian","WS",31,"Male",NA,549,549
33918,"Russian","WS",31,"Female",NA,605,605
33919,"Russian","WS",31,"Female",NA,548,548
33920,"Russian","WS",31,"Female",NA,409,409
33921,"Russian","WS",31,"Female",NA,638,638
33922,"Russian","WS",31,"Female",NA,678,678
33923,"Russian","WS",31,"Male",NA,318,318
33924,"Russian","WS",32,"Female",NA,443,443
33925,"Russian","WS",32,"Male",NA,598,598
33926,"Russian","WS",32,"Male",NA,610,610
33927,"Russian","WS",32,"Male",NA,159,159
33928,"Russian","WS",32,"Female",NA,370,370
33929,"Russian","WS",32,"Female",NA,283,283
33930,"Russian","WS",32,"Female",NA,641,641
33931,"Russian","WS",32,"Female",NA,251,251
33932,"Russian","WS",32,"Male",NA,662,662
33933,"Russian","WS",32,"Male",NA,399,399
33934,"Russian","WS",32,"Female",NA,201,201
33935,"Russian","WS",32,"Male",NA,534,534
33936,"Russian","WS",32,"Female",NA,631,631
33937,"Russian","WS",32,"Female",NA,653,653
33938,"Russian","WS",32,"Female",NA,635,635
33939,"Russian","WS",32,"Male",NA,245,245
33940,"Russian","WS",32,"Male",NA,644,644
33941,"Russian","WS",32,"Female",NA,381,381
33942,"Russian","WS",32,"Male",NA,406,406
33943,"Russian","WS",32,"Male",NA,262,262
33944,"Russian","WS",32,"Female",NA,657,657
33945,"Russian","WS",32,"Female",NA,496,496
33946,"Russian","WS",32,"Male",NA,624,624
33947,"Russian","WS",32,"Male",NA,688,688
33948,"Russian","WS",32,"Female",NA,605,605
33949,"Russian","WS",32,"Female",NA,683,683
33950,"Russian","WS",32,"Male",NA,521,521
33951,"Russian","WS",32,"Male",NA,656,656
33952,"Russian","WS",32,"Female",NA,543,543
33953,"Russian","WS",32,"Female",NA,556,556
33954,"Russian","WS",32,"Male",NA,620,620
33955,"Russian","WS",32,"Female",NA,442,442
33956,"Russian","WS",32,"Female",NA,504,504
33957,"Russian","WS",32,"Male",NA,671,671
33958,"Russian","WS",32,"Female",NA,683,683
33959,"Russian","WS",32,"Male",NA,513,513
33960,"Russian","WS",32,"Male",NA,604,604
33961,"Russian","WS",32,"Male",NA,526,526
33962,"Russian","WS",32,"Male",NA,523,523
33963,"Russian","WS",32,"Male",NA,443,443
33964,"Russian","WS",32,"Female",NA,211,211
33965,"Russian","WS",32,"Female",NA,601,601
33966,"Russian","WS",32,"Female",NA,579,579
33967,"Russian","WS",32,"Male",NA,169,169
33968,"Russian","WS",32,"Female",NA,131,131
33969,"Russian","WS",32,"Male",NA,674,674
33970,"Russian","WS",32,"Male",NA,152,152
33971,"Russian","WS",32,"Female",NA,579,579
33972,"Russian","WS",32,"Female",NA,565,565
33973,"Russian","WS",32,"Female",NA,673,673
33974,"Russian","WS",32,"Female",NA,478,478
33975,"Russian","WS",32,"Female",NA,566,566
33976,"Russian","WS",32,"Female",NA,550,550
33977,"Russian","WS",32,"Male",NA,524,524
33978,"Russian","WS",32,"Male",NA,697,697
33979,"Russian","WS",33,"Female",NA,663,663
33980,"Russian","WS",33,"Male",NA,664,664
33981,"Russian","WS",33,"Female",NA,624,624
33982,"Russian","WS",33,"Male",NA,304,304
33983,"Russian","WS",33,"Female",NA,608,608
33984,"Russian","WS",33,"Male",NA,142,142
33985,"Russian","WS",33,"Male",NA,70,70
33986,"Russian","WS",33,"Male",NA,545,545
33987,"Russian","WS",33,"Male",NA,404,404
33988,"Russian","WS",33,"Male",NA,173,173
33989,"Russian","WS",33,"Female",NA,659,659
33990,"Russian","WS",33,"Male",NA,682,682
33991,"Russian","WS",33,"Male",NA,304,304
33992,"Russian","WS",33,"Male",NA,664,664
33993,"Russian","WS",33,"Male",NA,466,466
33994,"Russian","WS",33,"Female",NA,654,654
33995,"Russian","WS",33,"Male",NA,551,551
33996,"Russian","WS",33,"Female",NA,584,584
33997,"Russian","WS",33,"Female",NA,662,662
33998,"Russian","WS",33,"Male",NA,682,682
33999,"Russian","WS",33,"Female",NA,422,422
34000,"Russian","WS",33,"Male",NA,639,639
34001,"Russian","WS",33,"Male",NA,673,673
34002,"Russian","WS",33,"Female",NA,576,576
34003,"Russian","WS",33,"Female",NA,551,551
34004,"Russian","WS",33,"Female",NA,652,652
34005,"Russian","WS",33,"Male",NA,172,172
34006,"Russian","WS",33,"Male",NA,363,363
34007,"Russian","WS",33,"Female",NA,366,366
34008,"Russian","WS",33,"Female",NA,613,613
34009,"Russian","WS",33,"Female",NA,475,475
34010,"Russian","WS",33,"Female",NA,637,637
34011,"Russian","WS",33,"Female",NA,598,598
34012,"Russian","WS",33,"Male",NA,653,653
34013,"Russian","WS",33,"Male",NA,684,684
34014,"Russian","WS",33,"Female",NA,681,681
34015,"Russian","WS",33,"Male",NA,617,617
34016,"Russian","WS",33,"Female",NA,369,369
34017,"Russian","WS",33,"Female",NA,451,451
34018,"Russian","WS",33,"Female",NA,622,622
34019,"Russian","WS",33,"Male",NA,665,665
34020,"Russian","WS",33,"Female",NA,371,371
34021,"Russian","WS",33,"Female",NA,517,517
34022,"Russian","WS",33,"Male",NA,452,452
34023,"Russian","WS",33,"Male",NA,667,667
34024,"Russian","WS",33,"Male",NA,681,681
34025,"Russian","WS",33,"Male",NA,627,627
34026,"Russian","WS",33,"Female",NA,517,517
34027,"Russian","WS",33,"Female",NA,245,245
34028,"Russian","WS",33,"Male",NA,521,521
34029,"Russian","WS",33,"Female",NA,670,670
34030,"Russian","WS",33,"Male",NA,650,650
34031,"Russian","WS",33,"Male",NA,290,290
34032,"Russian","WS",33,"Female",NA,446,446
34033,"Russian","WS",33,"Female",NA,373,373
34034,"Russian","WS",34,"Female",NA,661,661
34035,"Russian","WS",34,"Male",NA,410,410
34036,"Russian","WS",34,"Male",NA,514,514
34037,"Russian","WS",34,"Male",NA,76,76
34038,"Russian","WS",34,"Male",NA,547,547
34039,"Russian","WS",34,"Male",NA,538,538
34040,"Russian","WS",34,"Male",NA,613,613
34041,"Russian","WS",34,"Male",NA,456,456
34042,"Russian","WS",34,"Male",NA,493,493
34043,"Russian","WS",34,"Female",NA,419,419
34044,"Russian","WS",34,"Male",NA,599,599
34045,"Russian","WS",34,"Male",NA,495,495
34046,"Russian","WS",34,"Female",NA,404,404
34047,"Russian","WS",34,"Male",NA,620,620
34048,"Russian","WS",34,"Male",NA,542,542
34049,"Russian","WS",34,"Female",NA,576,576
34050,"Russian","WS",34,"Female",NA,621,621
34051,"Russian","WS",34,"Female",NA,592,592
34052,"Russian","WS",34,"Female",NA,661,661
34053,"Russian","WS",34,"Male",NA,670,670
34054,"Russian","WS",34,"Female",NA,666,666
34055,"Russian","WS",34,"Male",NA,609,609
34056,"Russian","WS",34,"Female",NA,681,681
34057,"Russian","WS",34,"Female",NA,680,680
34058,"Russian","WS",34,"Male",NA,472,472
34059,"Russian","WS",34,"Male",NA,395,395
34060,"Russian","WS",34,"Male",NA,575,575
34061,"Russian","WS",34,"Female",NA,626,626
34062,"Russian","WS",34,"Male",NA,473,473
34063,"Russian","WS",34,"Male",NA,574,574
34064,"Russian","WS",34,"Male",NA,279,279
34065,"Russian","WS",34,"Female",NA,435,435
34066,"Russian","WS",34,"Female",NA,512,512
34067,"Russian","WS",34,"Female",NA,512,512
34068,"Russian","WS",34,"Female",NA,683,683
34069,"Russian","WS",34,"Female",NA,513,513
34070,"Russian","WS",34,"Female",NA,669,669
34071,"Russian","WS",34,"Female",NA,620,620
34072,"Russian","WS",34,"Female",NA,484,484
34073,"Russian","WS",34,"Female",NA,644,644
34074,"Russian","WS",34,"Female",NA,575,575
34075,"Russian","WS",34,"Male",NA,663,663
34076,"Russian","WS",34,"Female",NA,628,628
34077,"Russian","WS",34,"Male",NA,395,395
34078,"Russian","WS",34,"Female",NA,121,121
34079,"Russian","WS",34,"Male",NA,625,625
34080,"Russian","WS",34,"Male",NA,157,157
34081,"Russian","WS",34,"Male",NA,458,458
34082,"Russian","WS",34,"Male",NA,205,205
34083,"Russian","WS",34,"Female",NA,566,566
34084,"Russian","WS",34,"Female",NA,508,508
34085,"Russian","WS",34,"Female",NA,686,686
34086,"Russian","WS",34,"Female",NA,621,621
34087,"Russian","WS",34,"Female",NA,586,586
34088,"Russian","WS",34,"Male",NA,516,516
34089,"Russian","WS",34,"Female",NA,540,540
34090,"Russian","WS",34,"Female",NA,489,489
34091,"Russian","WS",34,"Female",NA,595,595
34092,"Russian","WS",35,"Male",NA,470,470
34093,"Russian","WS",35,"Male",NA,479,479
34094,"Russian","WS",35,"Female",NA,537,537
34095,"Russian","WS",35,"Female",NA,562,562
34096,"Russian","WS",35,"Female",NA,617,617
34097,"Russian","WS",35,"Male",NA,679,679
34098,"Russian","WS",35,"Male",NA,630,630
34099,"Russian","WS",35,"Male",NA,557,557
34100,"Russian","WS",35,"Female",NA,657,657
34101,"Russian","WS",35,"Female",NA,689,689
34102,"Russian","WS",35,"Male",NA,512,512
34103,"Russian","WS",35,"Female",NA,225,225
34104,"Russian","WS",35,"Female",NA,680,680
34105,"Russian","WS",35,"Female",NA,474,474
34106,"Russian","WS",35,"Female",NA,681,681
34107,"Russian","WS",35,"Female",NA,90,90
34108,"Russian","WS",35,"Male",NA,405,405
34109,"Russian","WS",35,"Female",NA,179,179
34110,"Russian","WS",35,"Male",NA,463,463
34111,"Russian","WS",35,"Female",NA,606,606
34112,"Russian","WS",35,"Male",NA,609,609
34113,"Russian","WS",35,"Male",NA,648,648
34114,"Russian","WS",35,"Male",NA,233,233
34115,"Russian","WS",35,"Male",NA,365,365
34116,"Russian","WS",35,"Male",NA,568,568
34117,"Russian","WS",35,"Female",NA,608,608
34118,"Russian","WS",35,"Male",NA,418,418
34119,"Russian","WS",35,"Male",NA,663,663
34120,"Russian","WS",35,"Male",NA,616,616
34121,"Russian","WS",35,"Female",NA,673,673
34122,"Russian","WS",35,"Female",NA,566,566
34123,"Russian","WS",35,"Male",NA,633,633
34124,"Russian","WS",35,"Male",NA,336,336
34125,"Russian","WS",35,"Male",NA,506,506
34126,"Russian","WS",35,"Female",NA,652,652
34127,"Russian","WS",35,"Male",NA,621,621
34128,"Russian","WS",35,"Female",NA,629,629
34129,"Russian","WS",35,"Female",NA,589,589
34130,"Russian","WS",35,"Female",NA,546,546
34131,"Russian","WS",35,"Female",NA,691,691
34132,"Russian","WS",35,"Male",NA,657,657
34133,"Russian","WS",35,"Male",NA,637,637
34134,"Russian","WS",35,"Male",NA,417,417
34135,"Russian","WS",35,"Female",NA,620,620
34136,"Russian","WS",35,"Male",NA,566,566
34137,"Russian","WS",35,"Female",NA,342,342
34138,"Russian","WS",35,"Male",NA,382,382
34139,"Russian","WS",36,"Female",NA,674,674
34140,"Russian","WS",36,"Male",NA,668,668
34141,"Russian","WS",36,"Male",NA,640,640
34142,"Russian","WS",36,"Male",NA,574,574
34143,"Russian","WS",36,"Female",NA,661,661
34144,"Russian","WS",36,"Female",NA,587,587
34145,"Russian","WS",36,"Male",NA,522,522
34146,"Russian","WS",36,"Male",NA,651,651
34147,"Russian","WS",36,"Female",NA,686,686
34148,"Russian","WS",36,"Male",NA,476,476
34149,"Russian","WS",36,"Male",NA,414,414
34150,"Russian","WS",36,"Male",NA,655,655
34151,"Russian","WS",36,"Male",NA,540,540
34152,"Russian","WS",36,"Female",NA,456,456
34153,"Russian","WS",36,"Female",NA,359,359
34154,"Russian","WS",36,"Male",NA,389,389
34155,"Russian","WS",36,"Female",NA,618,618
34156,"Russian","WS",36,"Male",NA,590,590
34157,"Russian","WS",36,"Female",NA,454,454
34158,"Russian","WS",36,"Female",NA,688,688
34159,"Russian","WS",36,"Female",NA,304,304
34160,"Russian","WS",36,"Female",NA,679,679
34161,"Russian","WS",36,"Male",NA,519,519
34162,"Russian","WS",36,"Male",NA,664,664
34163,"Russian","WS",36,"Female",NA,368,368
34164,"Russian","WS",36,"Female",NA,614,614
34165,"Russian","WS",36,"Female",NA,665,665
34166,"Russian","WS",36,"Male",NA,335,335
34167,"Russian","WS",36,"Female",NA,498,498
34168,"Russian","WS",36,"Male",NA,274,274
34169,"Russian","WS",36,"Female",NA,622,622
34170,"Russian","WS",36,"Female",NA,664,664
34171,"Russian","WS",36,"Male",NA,677,677
34172,"Russian","WS",36,"Female",NA,656,656
34173,"Russian","WS",36,"Male",NA,634,634
34174,"Russian","WS",36,"Female",NA,514,514
34175,"Russian","WS",36,"Male",NA,681,681
34176,"Russian","WS",36,"Female",NA,439,439
34177,"Russian","WS",36,"Male",NA,683,683
34178,"Russian","WS",36,"Male",NA,582,582
34179,"Russian","WS",36,"Female",NA,263,263
34180,"Russian","WS",36,"Female",NA,681,681
34181,"Russian","WS",36,"Female",NA,497,497
34182,"Russian","WS",36,"Female",NA,433,433
34183,"Russian","WS",36,"Female",NA,675,675
34184,"Russian","WS",36,"Female",NA,638,638
34185,"Russian","WS",36,"Female",NA,670,670
34186,"Russian","WS",36,"Male",NA,564,564
34187,"Russian","WS",36,"Male",NA,690,690
